study_word,thisN,thisTrialN,thisRepN,slider.response,slider.rt,test_word,Reference,old_new,textbox.text,mouse.x,mouse.y,mouse.leftButton,mouse.midButton,mouse.rightButton,mouse.time,mouse.clicked_name,trials.thisRepN,trials.thisTrialN,trials.thisN,trials.thisIndex,trials_2.thisRepN,trials_2.thisTrialN,trials_2.thisN,trials_2.thisIndex,thisRow.t,notes,trial.started,text.started,slider.started,trial.stopped,trials.slider.response,trials.slider.rt,test.started,text_2.started,textbox.started,text_3.started,mouse.started,test.stopped,trials_2.textbox.text,trials_2.mouse.x,trials_2.mouse.y,trials_2.mouse.leftButton,trials_2.mouse.midButton,trials_2.mouse.rightButton,trials_2.mouse.time,trials_2.mouse.clicked_name,text_2.stopped,participant,session,date,expName,expVersion,psychopyVersion,frameRate,expStart
Cruise,0,0,0,1.107407407,5.0392745,,,,,,,,,,,,0,0,0,11,,,,,0.0397461,,0.0323835,0.0397461,0.0397461,5.0874611,1.107407407,5.0392745,,,,,,,,,,,,,,,,Partcipant-2,1,2025-10-13_21h30.55.713,untitled,,2025.1.1,59.95074454,2025-10-13 21h31.09.877237 +0530
Pastry,1,1,0,1.107407407,1.786927,,,,,,,,,,,,0,1,1,9,,,,,5.1147283,,5.1019929,5.1147283,5.1147283,6.9043669,1.107407407,1.786927,,,,,,,,,,,,,,,,Partcipant-2,1,2025-10-13_21h30.55.713,untitled,,2025.1.1,59.95074454,2025-10-13 21h31.09.877237 +0530
book,2,2,0,1.003703704,1.9428824,,,,,,,,,,,,0,2,2,0,,,,,6.9216004,,6.9119955,6.9216004,6.9216004,8.8710554,1.003703704,1.9428824,,,,,,,,,,,,,,,,Partcipant-2,1,2025-10-13_21h30.55.713,untitled,,2025.1.1,59.95074454,2025-10-13 21h31.09.877237 +0530
T-shirt,3,3,0,1.003703704,0.9730442,,,,,,,,,,,,0,3,3,7,,,,,8.8944999,,8.883019,8.8944999,8.8944999,9.8714098,1.003703704,0.9730442,,,,,,,,,,,,,,,,Partcipant-2,1,2025-10-13_21h30.55.713,untitled,,2025.1.1,59.95074454,2025-10-13 21h31.09.877237 +0530
marble,4,4,0,1.003703704,0.8100713,,,,,,,,,,,,0,4,4,3,,,,,9.8912977,,9.8792788,9.8912977,9.8912977,10.7045934,1.003703704,0.8100713,,,,,,,,,,,,,,,,Partcipant-2,1,2025-10-13_21h30.55.713,untitled,,2025.1.1,59.95074454,2025-10-13 21h31.09.877237 +0530
Poster,5,5,0,5,1.9454228,,,,,,,,,,,,0,5,5,14,,,,,10.7228551,,10.7096064,10.7228551,10.7228551,12.6705381,5,1.9454228,,,,,,,,,,,,,,,,Partcipant-2,1,2025-10-13_21h30.55.713,untitled,,2025.1.1,59.95074454,2025-10-13 21h31.09.877237 +0530
Police,6,6,0,4.92962963,3.3462246,,,,,,,,,,,,0,6,6,12,,,,,12.6880446,,12.6758211,12.6880446,12.6880446,16.0375791,4.92962963,3.3462246,,,,,,,,,,,,,,,,Partcipant-2,1,2025-10-13_21h30.55.713,untitled,,2025.1.1,59.95074454,2025-10-13 21h31.09.877237 +0530
mouse,7,7,0,1.1,1.7618799,,,,,,,,,,,,0,7,7,8,,,,,16.0551633,,16.0429896,16.0551633,16.0551633,17.8209368,1.1,1.7618799,,,,,,,,,,,,,,,,Partcipant-2,1,2025-10-13_21h30.55.713,untitled,,2025.1.1,59.95074454,2025-10-13 21h31.09.877237 +0530
phone,8,8,0,1.1,0.9227758,,,,,,,,,,,,0,8,8,2,,,,,17.8445293,,17.8323402,17.8445293,17.8445293,18.7709517,1.1,0.9227758,,,,,,,,,,,,,,,,Partcipant-2,1,2025-10-13_21h30.55.713,untitled,,2025.1.1,59.95074454,2025-10-13 21h31.09.877237 +0530
Chart,9,9,0,1.1,0.9615713,,,,,,,,,,,,0,9,9,6,,,,,18.7880868,,18.7771666,18.7880868,18.7880868,19.7547482,1.1,0.9615713,,,,,,,,,,,,,,,,Partcipant-2,1,2025-10-13_21h30.55.713,untitled,,2025.1.1,59.95074454,2025-10-13 21h31.09.877237 +0530
Case,10,10,0,1.1,0.7450815,,,,,,,,,,,,0,10,10,10,,,,,19.7726391,,19.759859,19.7726391,19.7726391,20.5203957,1.1,0.7450815,,,,,,,,,,,,,,,,Partcipant-2,1,2025-10-13_21h30.55.713,untitled,,2025.1.1,59.95074454,2025-10-13 21h31.09.877237 +0530
board,11,11,0,1.1,1.0600134,,,,,,,,,,,,0,11,11,4,,,,,20.540505,,20.5284065,20.540505,20.540505,21.6045271,1.1,1.0600134,,,,,,,,,,,,,,,,Partcipant-2,1,2025-10-13_21h30.55.713,untitled,,2025.1.1,59.95074454,2025-10-13 21h31.09.877237 +0530
Keys,12,12,0,1.1,0.9266236,,,,,,,,,,,,0,12,12,13,,,,,21.6243077,,21.6131795,21.6243077,21.6243077,22.5549431,1.1,0.9266236,,,,,,,,,,,,,,,,Partcipant-2,1,2025-10-13_21h30.55.713,untitled,,2025.1.1,59.95074454,2025-10-13 21h31.09.877237 +0530
Laptop,13,13,0,1.1,0.7765514,,,,,,,,,,,,0,13,13,5,,,,,22.5760406,,22.5635227,22.5760406,22.5760406,23.3546577,1.1,0.7765514,,,,,,,,,,,,,,,,Partcipant-2,1,2025-10-13_21h30.55.713,untitled,,2025.1.1,59.95074454,2025-10-13 21h31.09.877237 +0530
cushion,14,14,0,1.1,0.7120929,,,,,,,,,,,,0,14,14,1,,,,,23.372505,,23.3595848,23.372505,23.372505,24.0881324,1.1,0.7120929,,,,,,,,,,,,,,,,Partcipant-2,1,2025-10-13_21h30.55.713,untitled,,2025.1.1,59.95074454,2025-10-13 21h31.09.877237 +0530
,0,0,0,,,_ho_e,Phone,old,Shoes,[np.float64(-0.09537037037037037)],[np.float64(-0.3212962962962963)],[1],[0],[0],[5.748719800263643],['text_3'],,,,,0,0,0,12,24.1267703,,,,,,,,24.1095609,24.1267703,24.1267703,24.1267703,0.0214212,29.8588832,Shoes,[np.float64(-0.09537037037037037)],[np.float64(-0.3212962962962963)],[1],[0],[0],[5.748719800263643],['text_3'],,Partcipant-2,1,2025-10-13_21h30.55.713,untitled,,2025.1.1,59.95074454,2025-10-13 21h31.09.877237 +0530
,1,1,0,,,_oo_,Book,old,Cool,[np.float64(-0.011111111111111112)],[np.float64(-0.32407407407407407)],[1],[0],[0],[4.124076100066304],['text_3'],,,,,0,1,1,13,29.8772671,,,,,,,,29.864204,29.8772671,29.8772671,29.8772671,0.0050254,33.9889464,Cool,[np.float64(-0.011111111111111112)],[np.float64(-0.32407407407407407)],[1],[0],[0],[4.124076100066304],['text_3'],,Partcipant-2,1,2025-10-13_21h30.55.713,untitled,,2025.1.1,59.95074454,2025-10-13 21h31.09.877237 +0530
,2,2,0,,,v_s_,Vase,new,Vase,[np.float64(-0.010185185185185186)],[np.float64(-0.3138888888888889)],[1],[0],[0],[5.356137300375849],['text_3'],,,,,0,2,2,17,34.0120794,,,,,,,,33.9979,34.0120794,34.0120794,34.0120794,0.0087686,39.3544618,Vase,[np.float64(-0.010185185185185186)],[np.float64(-0.3138888888888889)],[1],[0],[0],[5.356137300375849],['text_3'],,Partcipant-2,1,2025-10-13_21h30.55.713,untitled,,2025.1.1,59.95074454,2025-10-13 21h31.09.877237 +0530
,3,3,0,,,K_y_,Keys,old,Keys,[np.float64(-0.010185185185185186)],[np.float64(-0.3138888888888889)],[1],[0],[0],[3.7293202998116612],['text_3'],,,,,0,3,3,8,39.3761215,,,,,,,,39.3622872,39.3761215,39.3761215,39.3761215,0.0075531,43.092068,Keys,[np.float64(-0.010185185185185186)],[np.float64(-0.3138888888888889)],[1],[0],[0],[3.7293202998116612],['text_3'],,Partcipant-2,1,2025-10-13_21h30.55.713,untitled,,2025.1.1,59.95074454,2025-10-13 21h31.09.877237 +0530
,4,4,0,,,T_hi_t,Tshirt,old,T-shirt,[np.float64(-0.010185185185185186)],[np.float64(-0.30092592592592593)],[1],[0],[0],[4.639552699867636],['text_3'],,,,,0,4,4,2,43.1119808,,,,,,,,43.0995679,43.1119808,43.1119808,43.1119808,0.00724,47.7396491,T-shirt,[np.float64(-0.010185185185185186)],[np.float64(-0.30092592592592593)],[1],[0],[0],[4.639552699867636],['text_3'],,Partcipant-2,1,2025-10-13_21h30.55.713,untitled,,2025.1.1,59.95074454,2025-10-13 21h31.09.877237 +0530
,5,5,0,,,p_nc_l,Pencil,new,Pencil,[np.float64(-0.010185185185185186)],[np.float64(-0.30092592592592593)],[1],[0],[0],[4.0732144000940025],['text_3'],,,,,0,5,5,16,47.7609428,,,,,,,,47.747204,47.7609428,47.7609428,47.7609428,0.0073699,51.82095,Pencil,[np.float64(-0.010185185185185186)],[np.float64(-0.30092592592592593)],[1],[0],[0],[4.0732144000940025],['text_3'],,Partcipant-2,1,2025-10-13_21h30.55.713,untitled,,2025.1.1,59.95074454,2025-10-13 21h31.09.877237 +0530
,6,6,0,,,_a_bl_,Marble,old,Marble,[np.float64(-0.010185185185185186)],[np.float64(-0.30092592592592593)],[1],[0],[0],[6.024712599813938],['text_3'],,,,,0,6,6,11,51.8412303,,,,,,,,51.8292142,51.8412303,51.8412303,51.8412303,0.0078886,57.8545035,Marble,[np.float64(-0.010185185185185186)],[np.float64(-0.30092592592592593)],[1],[0],[0],[6.024712599813938],['text_3'],,Partcipant-2,1,2025-10-13_21h30.55.713,untitled,,2025.1.1,59.95074454,2025-10-13 21h31.09.877237 +0530
,7,7,0,,,l_pt_p,Laptop,old,Laptop,[np.float64(-0.010185185185185186)],[np.float64(-0.30092592592592593)],[1],[0],[0],[6.36121780006215],['text_3'],,,,,0,7,7,0,57.8734911,,,,,,,,57.8595255,57.8734911,57.8734911,57.8734911,0.0047803,64.2212266,Laptop,[np.float64(-0.010185185185185186)],[np.float64(-0.30092592592592593)],[1],[0],[0],[6.36121780006215],['text_3'],,Partcipant-2,1,2025-10-13_21h30.55.713,untitled,,2025.1.1,59.95074454,2025-10-13 21h31.09.877237 +0530
,8,8,0,,,c_s_,Case,old,Case,[np.float64(-0.010185185185185186)],[np.float64(-0.30092592592592593)],[1],[0],[0],[4.960558699909598],['text_3'],,,,,0,8,8,5,64.2400142,,,,,,,,64.2265751,64.2400142,64.2400142,64.2400142,0.0051812,69.1877576,Case,[np.float64(-0.010185185185185186)],[np.float64(-0.30092592592592593)],[1],[0],[0],[4.960558699909598],['text_3'],,Partcipant-2,1,2025-10-13_21h30.55.713,untitled,,2025.1.1,59.95074454,2025-10-13 21h31.09.877237 +0530
,9,9,0,,,_ru_is_,Cruise,old,Cruise,[np.float64(-0.010185185185185186)],[np.float64(-0.30092592592592593)],[1],[0],[0],[4.993666199967265],['text_3'],,,,,0,9,9,6,69.2092735,,,,,,,,69.194889,69.2092735,69.2092735,69.2092735,0.0069073,74.1892758,Cruise,[np.float64(-0.010185185185185186)],[np.float64(-0.30092592592592593)],[1],[0],[0],[4.993666199967265],['text_3'],,Partcipant-2,1,2025-10-13_21h30.55.713,untitled,,2025.1.1,59.95074454,2025-10-13 21h31.09.877237 +0530
,10,10,0,,,P_li_e,Police,old,Police,[np.float64(-0.010185185185185186)],[np.float64(-0.30092592592592593)],[1],[0],[0],[3.7249631001614034],['text_3'],,,,,0,10,10,7,74.2105587,,,,,,,,74.1961748,74.2105587,74.2105587,74.2105587,0.0066228,77.9216921,Police,[np.float64(-0.010185185185185186)],[np.float64(-0.30092592592592593)],[1],[0],[0],[3.7249631001614034],['text_3'],,Partcipant-2,1,2025-10-13_21h30.55.713,untitled,,2025.1.1,59.95074454,2025-10-13 21h31.09.877237 +0530
,11,11,0,,,_o_rd,Board,old,,[np.float64(-0.006481481481481481)],[np.float64(-0.3055555555555556)],[1],[0],[0],[11.560170900076628],['text_3'],,,,,0,11,11,10,77.9441164,,,,,,,,77.9306696,77.9441164,77.9441164,77.9441164,0.0088005,89.4914665,,[np.float64(-0.006481481481481481)],[np.float64(-0.3055555555555556)],[1],[0],[0],[11.560170900076628],['text_3'],87.952984,Partcipant-2,1,2025-10-13_21h30.55.713,untitled,,2025.1.1,59.95074454,2025-10-13 21h31.09.877237 +0530
,12,12,0,,,c_m_ra,Camera,new,,[np.float64(-0.006481481481481481)],[np.float64(-0.3055555555555556)],[1],[0],[0],[0.8904548003338277],['text_3'],,,,,0,12,12,19,89.5087717,,,,,,,,89.4964952,89.5087717,89.5087717,89.5087717,0.004842,90.387585,,[np.float64(-0.006481481481481481)],[np.float64(-0.3055555555555556)],[1],[0],[0],[0.8904548003338277],['text_3'],,Partcipant-2,1,2025-10-13_21h30.55.713,untitled,,2025.1.1,59.95074454,2025-10-13 21h31.09.877237 +0530
,13,13,0,,,_ha_t,Chart,old,,[np.float64(-0.011111111111111112)],[np.float64(-0.30092592592592593)],[1],[0],[0],[9.360193300060928],['text_3'],,,,,0,13,13,1,90.4056742,,,,,,,,90.3933188,90.4056742,90.4056742,90.4056742,0.0055625,99.7540372,,[np.float64(-0.011111111111111112)],[np.float64(-0.30092592592592593)],[1],[0],[0],[9.360193300060928],['text_3'],,Partcipant-2,1,2025-10-13_21h30.55.713,untitled,,2025.1.1,59.95074454,2025-10-13 21h31.09.877237 +0530
,14,14,0,,,c_s_io_,Cushion,old,Cushion,[np.float64(-0.011111111111111112)],[np.float64(-0.30092592592592593)],[1],[0],[0],[5.2122023003175855],['text_3'],,,,,0,14,14,14,99.7713138,,,,,,,,99.7590797,99.7713138,99.7713138,99.7713138,0.0048827,104.9719465,Cushion,[np.float64(-0.011111111111111112)],[np.float64(-0.30092592592592593)],[1],[0],[0],[5.2122023003175855],['text_3'],,Partcipant-2,1,2025-10-13_21h30.55.713,untitled,,2025.1.1,59.95074454,2025-10-13 21h31.09.877237 +0530
,15,15,0,,,P_st_r,Poster,old,Poster,[np.float64(-0.011111111111111112)],[np.float64(-0.30092592592592593)],[1],[0],[0],[4.778866500128061],['text_3'],,,,,0,15,15,9,104.991556,,,,,,,,104.9767001,104.991556,104.991556,104.991556,0.0045849,109.7563477,Poster,[np.float64(-0.011111111111111112)],[np.float64(-0.30092592592592593)],[1],[0],[0],[4.778866500128061],['text_3'],,Partcipant-2,1,2025-10-13_21h30.55.713,untitled,,2025.1.1,59.95074454,2025-10-13 21h31.09.877237 +0530
,16,16,0,,,ta_l_,Table,new,Table,[np.float64(-0.011111111111111112)],[np.float64(-0.30092592592592593)],[1],[0],[0],[3.8924818001687527],['text_3'],,,,,0,16,16,15,109.777863,,,,,,,,109.7620978,109.777863,109.777863,109.777863,0.0054689,113.6552931,Table,[np.float64(-0.011111111111111112)],[np.float64(-0.30092592592592593)],[1],[0],[0],[3.8924818001687527],['text_3'],,Partcipant-2,1,2025-10-13_21h30.55.713,untitled,,2025.1.1,59.95074454,2025-10-13 21h31.09.877237 +0530
,17,17,0,,,_ou_se,mouse,old,Mouse,[np.float64(-0.011111111111111112)],[np.float64(-0.30092592592592593)],[1],[0],[0],[2.8769686999730766],['text_3'],,,,,0,17,17,3,113.6740298,,,,,,,,113.66038,113.6740298,113.6740298,113.6740298,0.0048792,116.5380378,Mouse,[np.float64(-0.011111111111111112)],[np.float64(-0.30092592592592593)],[1],[0],[0],[2.8769686999730766],['text_3'],,Partcipant-2,1,2025-10-13_21h30.55.713,untitled,,2025.1.1,59.95074454,2025-10-13 21h31.09.877237 +0530
,18,18,0,,,P_as_tr_,Pastry,old,Pastry,[np.float64(-0.011111111111111112)],[np.float64(-0.30092592592592593)],[1],[0],[0],[6.763192300219089],['text_3'],,,,,0,18,18,4,116.5574362,,,,,,,,116.5443107,116.5574362,116.5574362,116.5574362,0.0059566,123.3081539,Pastry,[np.float64(-0.011111111111111112)],[np.float64(-0.30092592592592593)],[1],[0],[0],[6.763192300219089],['text_3'],,Partcipant-2,1,2025-10-13_21h30.55.713,untitled,,2025.1.1,59.95074454,2025-10-13 21h31.09.877237 +0530
,19,19,0,,,bo_t_e,Bottle,new,Bottle,[np.float64(-0.011111111111111112)],[np.float64(-0.30092592592592593)],[1],[0],[0],[3.6230127001181245],['text_3'],,,,,0,19,19,18,123.3283682,,,,,,,,123.3144117,123.3283682,123.3283682,123.3283682,0.0058797,126.9382514,Bottle,[np.float64(-0.011111111111111112)],[np.float64(-0.30092592592592593)],[1],[0],[0],[3.6230127001181245],['text_3'],,Partcipant-2,1,2025-10-13_21h30.55.713,untitled,,2025.1.1,59.95074454,2025-10-13 21h31.09.877237 +0530
,,,,,,,,,,,,,,,,,,,,,,,,,,,,,,,,,,,,,,,,,,,,,,,,,,,,,,,
,,,,,,,,,,,,,,,,,,,,,,,,,,,,,,,,,,,,,,,,,,,,,,,,,,,,,,,
,,,,,prop hit from study list,,,,11,0.733333333,,,,,,,,,,,,,,,,,,,,,,,,,,,,,,,,,,,,,,,,,,,,,
,,,,,prop hit from non prime word,,,,4,0.8,,,,,,,,,,,,,,,,,,,,,,,,,,,,,,,,,,,,,,,,,,,,,
,,,,,,,,,,,,,,,,,,,,,,,,,,,,,,,,,,,,,,,,,,,,,,,,,,,,,,,
,,,,,,,priming score,,-0.066666667,,,,,,,,,,,,,,,,,,,,,,,,,,,,,,,,,,,,,,,,,,,,,,
