pos,corr_resp,thisN,thisTrialN,thisRepN,key_resp.keys,key_resp.corr,key_resp.rt,key_resp.duration,trials.thisRepN,trials.thisTrialN,trials.thisN,trials.thisIndex,trials_2.thisRepN,trials_2.thisTrialN,trials_2.thisN,trials_2.thisIndex,thisRow.t,notes,trial.started,fixation.started,line1.started,line2.started,line3.started,line4.started,fixation.stopped,probe.started,key_resp.started,trial.stopped,trials.key_resp.keys,trials.key_resp.corr,trials.key_resp.rt,trials.key_resp.duration,trials_2.key_resp.keys,trials_2.key_resp.corr,trials_2.key_resp.rt,trials_2.key_resp.duration,participant,session,date,expName,expVersion,psychopyVersion,frameRate,expStart
-50,x,0,0,0,x,1,1.7825394,None,0,0,0,0,,,,,0.0137412,,0.0102328,0.0137412,1.0081853,1.0081853,1.0081853,1.0081853,1.0251449,2.0080593,2.0080593,3.9660861,x,1,1.7825394,None,,,,,662741,1,2025-10-02_14h52.53.010,untitled,,2025.1.1,59.85919919,2025-10-02 14h52.55.474713 +0530
150,v,1,1,0,v,1,1.1179748,None,0,1,1,1,,,,,3.9698521,,3.9664918,3.9698521,4.9753921,4.9753921,4.9753921,4.9753921,4.9753921,5.9751957,5.9751957,7.1095401,v,1,1.1179748,None,,,,,662741,1,2025-10-02_14h52.53.010,untitled,,2025.1.1,59.85919919,2025-10-02 14h52.55.474713 +0530
50,c,2,2,0,c,1,0.9038,None,0,2,2,2,,,,,7.1250562,,7.1101368,7.1250562,8.1253482,8.1253482,8.1253482,8.1253482,8.1253482,9.1250934,9.1250934,10.04248,c,1,0.9038,None,,,,,662741,1,2025-10-02_14h52.53.010,untitled,,2025.1.1,59.85919919,2025-10-02 14h52.55.474713 +0530
-150,z,3,3,0,z,1,2.2789327,None,0,3,3,3,,,,,10.0583588,,10.0435152,10.0583588,11.0419864,11.0419864,11.0419864,11.0419864,11.0584365,12.0419004,12.0419004,14.3257772,z,1,2.2789327,None,,,,,662741,1,2025-10-02_14h52.53.010,untitled,,2025.1.1,59.85919919,2025-10-02 14h52.55.474713 +0530
-50,x,4,0,1,c,0,0.3735276,None,1,0,4,0,,,,,14.3417473,,14.3264424,14.3417473,15.3250351,15.3250351,15.3250351,15.3250351,15.3420034,16.325334,16.325334,16.7096989,c,0,0.3735276,None,,,,,662741,1,2025-10-02_14h52.53.010,untitled,,2025.1.1,59.85919919,2025-10-02 14h52.55.474713 +0530
150,v,5,1,1,v,1,1.0946751,None,1,1,5,1,,,,,16.7253536,,16.710268,16.7253536,17.7252874,17.7252874,17.7252874,17.7252874,17.7252874,18.7253589,18.7253589,19.8253844,v,1,1.0946751,None,,,,,662741,1,2025-10-02_14h52.53.010,untitled,,2025.1.1,59.85919919,2025-10-02 14h52.55.474713 +0530
50,c,6,2,1,v,0,1.0405762,None,1,2,6,2,,,,,19.8415009,,19.8260481,19.8415009,20.8252729,20.8252729,20.8252729,20.8252729,20.8418859,21.8253896,21.8253896,22.8759983,v,0,1.0405762,None,,,,,662741,1,2025-10-02_14h52.53.010,untitled,,2025.1.1,59.85919919,2025-10-02 14h52.55.474713 +0530
-150,z,7,3,1,z,1,1.180687,None,1,3,7,3,,,,,22.892187,,22.8767831,22.892187,23.8917701,23.8917701,23.8917701,23.8917701,23.8917701,24.8915925,24.8915925,26.0762708,z,1,1.180687,None,,,,,662741,1,2025-10-02_14h52.53.010,untitled,,2025.1.1,59.85919919,2025-10-02 14h52.55.474713 +0530
-50,x,8,0,2,x,1,0.8922497,None,2,0,8,0,,,,,26.0919049,,26.077011,26.0919049,27.0918468,27.0918468,27.0918468,27.0918468,27.0918468,28.0917851,28.0917851,28.9929137,x,1,0.8922497,None,,,,,662741,1,2025-10-02_14h52.53.010,untitled,,2025.1.1,59.85919919,2025-10-02 14h52.55.474713 +0530
150,v,9,1,2,v,1,0.8663923,None,2,1,9,1,,,,,29.0088032,,28.9934262,29.0088032,30.0083208,30.0083208,30.0083208,30.0083208,30.0083208,31.0084053,31.0084053,31.8762135,v,1,0.8663923,None,,,,,662741,1,2025-10-02_14h52.53.010,untitled,,2025.1.1,59.85919919,2025-10-02 14h52.55.474713 +0530
50,c,10,2,2,c,1,0.6918584,None,2,2,10,2,,,,,31.891758,,31.877098,31.891758,32.8920367,32.8920367,32.8920367,32.8920367,32.8920367,33.8918808,33.8918808,34.5922267,c,1,0.6918584,None,,,,,662741,1,2025-10-02_14h52.53.010,untitled,,2025.1.1,59.85919919,2025-10-02 14h52.55.474713 +0530
-150,z,11,3,2,z,1,0.5559565,None,2,3,11,3,,,,,34.607996,,34.5928229,34.607996,35.5919795,35.5919795,35.5919795,35.5919795,35.6085669,36.5920532,36.5920532,37.1590565,z,1,0.5559565,None,,,,,662741,1,2025-10-02_14h52.53.010,untitled,,2025.1.1,59.85919919,2025-10-02 14h52.55.474713 +0530
-50,x,12,0,3,x,1,0.6188737,None,3,0,12,0,,,,,37.1754626,,37.1596529,37.1754626,38.1584261,38.1584261,38.1584261,38.1584261,38.1751751,39.1584322,39.1584322,39.7927258,x,1,0.6188737,None,,,,,662741,1,2025-10-02_14h52.53.010,untitled,,2025.1.1,59.85919919,2025-10-02 14h52.55.474713 +0530
150,v,13,1,3,v,1,0.6769863,None,3,1,13,1,,,,,39.8084879,,39.7932979,39.8084879,40.7920635,40.7920635,40.7920635,40.7920635,40.8086645,41.7918723,41.7918723,42.4760266,v,1,0.6769863,None,,,,,662741,1,2025-10-02_14h52.53.010,untitled,,2025.1.1,59.85919919,2025-10-02 14h52.55.474713 +0530
50,c,14,2,3,c,1,0.8822518,None,3,2,14,2,,,,,42.4920271,,42.4767936,42.4920271,43.4919399,43.4919399,43.4919399,43.4919399,43.4919399,44.475095,44.475095,45.3594591,c,1,0.8822518,None,,,,,662741,1,2025-10-02_14h52.53.010,untitled,,2025.1.1,59.85919919,2025-10-02 14h52.55.474713 +0530
-150,z,15,3,3,z,1,0.3926866,None,3,3,15,3,,,,,45.3752827,,45.3607735,45.3752827,46.358527,46.358527,46.358527,46.358527,46.3752589,47.3752147,47.3752147,47.7762441,z,1,0.3926866,None,,,,,662741,1,2025-10-02_14h52.53.010,untitled,,2025.1.1,59.85919919,2025-10-02 14h52.55.474713 +0530
-50,x,16,0,4,x,1,0.7232182,None,4,0,16,0,,,,,47.7918685,,47.776968,47.7918685,48.7914311,48.7914311,48.7914311,48.7914311,48.7914311,49.7918841,49.7918841,50.525862,x,1,0.7232182,None,,,,,662741,1,2025-10-02_14h52.53.010,untitled,,2025.1.1,59.85919919,2025-10-02 14h52.55.474713 +0530
150,v,17,1,4,v,1,0.5774501,None,4,1,17,1,,,,,50.5419516,,50.5265591,50.5419516,51.5413606,51.5413606,51.5413606,51.5413606,51.5413606,52.525105,52.525105,53.1090808,v,1,0.5774501,None,,,,,662741,1,2025-10-02_14h52.53.010,untitled,,2025.1.1,59.85919919,2025-10-02 14h52.55.474713 +0530
50,c,18,2,4,c,1,0.6666373,None,4,2,18,2,,,,,53.1251728,,53.1096777,53.1251728,54.1086116,54.1086116,54.1086116,54.1086116,54.1251268,55.1085277,55.1085277,55.776531,c,1,0.6666373,None,,,,,662741,1,2025-10-02_14h52.53.010,untitled,,2025.1.1,59.85919919,2025-10-02 14h52.55.474713 +0530
-150,z,19,3,4,z,1,0.6215445,None,4,3,19,3,,,,,55.7916481,,55.7772808,55.7916481,56.791789,56.791789,56.791789,56.791789,56.791789,57.7918881,57.7918881,58.4259726,z,1,0.6215445,None,,,,,662741,1,2025-10-02_14h52.53.010,untitled,,2025.1.1,59.85919919,2025-10-02 14h52.55.474713 +0530
-50,x,20,0,5,x,1,0.5559156,None,5,0,20,0,,,,,58.4420268,,58.4265404,58.4420268,59.4252286,59.4252286,59.4252286,59.4252286,59.4419647,60.4253064,60.4253064,60.9928106,x,1,0.5559156,None,,,,,662741,1,2025-10-02_14h52.53.010,untitled,,2025.1.1,59.85919919,2025-10-02 14h52.55.474713 +0530
150,v,21,1,5,v,1,0.9679769,None,5,1,21,1,,,,,61.0084424,,60.9933784,61.0084424,61.9918917,61.9918917,61.9918917,61.9918917,62.0083707,62.9918661,62.9918661,63.9764204,v,1,0.9679769,None,,,,,662741,1,2025-10-02_14h52.53.010,untitled,,2025.1.1,59.85919919,2025-10-02 14h52.55.474713 +0530
50,c,22,2,5,c,1,0.4331543,None,5,2,22,2,,,,,63.991858,,63.977229,63.991858,64.9918441,64.9918441,64.9918441,64.9918441,64.9918441,65.9918213,65.9918213,66.4258946,c,1,0.4331543,None,,,,,662741,1,2025-10-02_14h52.53.010,untitled,,2025.1.1,59.85919919,2025-10-02 14h52.55.474713 +0530
-150,z,23,3,5,z,1,0.4037028,None,5,3,23,3,,,,,66.4417862,,66.4265494,66.4417862,67.4252517,67.4252517,67.4252517,67.4252517,67.4419533,68.4412991,68.4412991,68.8590908,z,1,0.4037028,None,,,,,662741,1,2025-10-02_14h52.53.010,untitled,,2025.1.1,59.85919919,2025-10-02 14h52.55.474713 +0530
-50,x,24,0,6,x,1,0.5602152,None,6,0,24,0,,,,,68.8752189,,68.8596567,68.8752189,69.858837,69.858837,69.858837,69.858837,69.8752457,70.8584656,70.8584656,71.4260716,x,1,0.5602152,None,,,,,662741,1,2025-10-02_14h52.53.010,untitled,,2025.1.1,59.85919919,2025-10-02 14h52.55.474713 +0530
150,v,25,1,6,v,1,0.6747408,None,6,1,25,1,,,,,71.4418242,,71.4267742,71.4418242,72.4253434,72.4253434,72.4253434,72.4253434,72.4420022,73.4253502,73.4253502,74.1093115,v,1,0.6747408,None,,,,,662741,1,2025-10-02_14h52.53.010,untitled,,2025.1.1,59.85919919,2025-10-02 14h52.55.474713 +0530
50,c,26,2,6,c,1,0.6964888,None,6,2,26,2,,,,,74.1251509,,74.1099454,74.1251509,75.1086199,75.1086199,75.1086199,75.1086199,75.1250288,76.1083034,76.1083034,76.8093188,c,1,0.6964888,None,,,,,662741,1,2025-10-02_14h52.53.010,untitled,,2025.1.1,59.85919919,2025-10-02 14h52.55.474713 +0530
-150,z,27,3,6,z,1,0.4719492,None,6,3,27,3,,,,,76.8252073,,76.8098978,76.8252073,77.8086735,77.8086735,77.8086735,77.8086735,77.8253124,78.8085191,78.8085191,79.2927973,z,1,0.4719492,None,,,,,662741,1,2025-10-02_14h52.53.010,untitled,,2025.1.1,59.85919919,2025-10-02 14h52.55.474713 +0530
-50,x,28,0,7,x,1,0.6173495,None,7,0,28,0,,,,,79.3083322,,79.2934242,79.3083322,80.3086947,80.3086947,80.3086947,80.3086947,80.3086947,81.3087337,81.3087337,81.9427133,x,1,0.6173495,None,,,,,662741,1,2025-10-02_14h52.53.010,untitled,,2025.1.1,59.85919919,2025-10-02 14h52.55.474713 +0530
150,v,29,1,7,v,1,0.5044881,None,7,1,29,1,,,,,81.9584174,,81.9432254,81.9584174,82.9584541,82.9584541,82.9584541,82.9584541,82.9584541,83.9418014,83.9418014,84.4594079,v,1,0.5044881,None,,,,,662741,1,2025-10-02_14h52.53.010,untitled,,2025.1.1,59.85919919,2025-10-02 14h52.55.474713 +0530
50,c,30,2,7,c,1,0.4446117,None,7,2,30,2,,,,,84.4752134,,84.4599715,84.4752134,85.4582762,85.4582762,85.4582762,85.4582762,85.4751186,86.4586176,86.4586176,86.9094191,c,1,0.4446117,None,,,,,662741,1,2025-10-02_14h52.53.010,untitled,,2025.1.1,59.85919919,2025-10-02 14h52.55.474713 +0530
-150,z,31,3,7,z,1,0.3978466,None,7,3,31,3,,,,,86.9253138,,86.9099658,86.9253138,87.9085854,87.9085854,87.9085854,87.9085854,87.9255507,88.9086942,88.9086942,89.3091653,z,1,0.3978466,None,,,,,662741,1,2025-10-02_14h52.53.010,untitled,,2025.1.1,59.85919919,2025-10-02 14h52.55.474713 +0530
-50,x,32,0,8,x,1,0.736233,None,8,0,32,0,,,,,89.3255788,,89.3097494,89.3255788,90.308477,90.308477,90.308477,90.308477,90.3251722,91.308725,91.308725,92.0589601,x,1,0.736233,None,,,,,662741,1,2025-10-02_14h52.53.010,untitled,,2025.1.1,59.85919919,2025-10-02 14h52.55.474713 +0530
150,v,33,1,8,v,1,0.4900335,None,8,1,33,1,,,,,92.0752021,,92.0595725,92.0752021,93.0586434,93.0586434,93.0586434,93.0586434,93.0754386,94.0585858,94.0585858,94.5593761,v,1,0.4900335,None,,,,,662741,1,2025-10-02_14h52.53.010,untitled,,2025.1.1,59.85919919,2025-10-02 14h52.55.474713 +0530
50,c,34,2,8,c,1,0.5706627,None,8,2,34,2,,,,,94.5751814,,94.559984,94.5751814,95.5591183,95.5591183,95.5591183,95.5591183,95.5751538,96.5584755,96.5584755,97.1428808,c,1,0.5706627,None,,,,,662741,1,2025-10-02_14h52.53.010,untitled,,2025.1.1,59.85919919,2025-10-02 14h52.55.474713 +0530
-150,z,35,3,8,z,1,0.5649292,None,8,3,35,3,,,,,97.158583,,97.143733,97.158583,98.1585023,98.1585023,98.1585023,98.1585023,98.1585023,99.1585187,99.1585187,99.7263261,z,1,0.5649292,None,,,,,662741,1,2025-10-02_14h52.53.010,untitled,,2025.1.1,59.85919919,2025-10-02 14h52.55.474713 +0530
-50,x,36,0,9,x,1,0.5490455,None,9,0,36,0,,,,,99.7418368,,99.7271723,99.7418368,100.7421548,100.7421548,100.7421548,100.7421548,100.7421548,101.7419867,101.7419867,102.2928019,x,1,0.5490455,None,,,,,662741,1,2025-10-02_14h52.53.010,untitled,,2025.1.1,59.85919919,2025-10-02 14h52.55.474713 +0530
150,v,37,1,9,v,1,0.497027,None,9,1,37,1,,,,,102.3083947,,102.2934503,102.3083947,103.308204,103.308204,103.308204,103.308204,103.308204,104.2918189,104.2918189,104.7927486,v,1,0.497027,None,,,,,662741,1,2025-10-02_14h52.53.010,untitled,,2025.1.1,59.85919919,2025-10-02 14h52.55.474713 +0530
50,c,38,2,9,x,0,0.6998433,None,9,2,38,2,,,,,104.8087004,,104.7932857,104.8087004,105.7920716,105.7920716,105.7920716,105.7920716,105.8082617,106.8085124,106.8085124,107.5095378,x,0,0.6998433,None,,,,,662741,1,2025-10-02_14h52.53.010,untitled,,2025.1.1,59.85919919,2025-10-02 14h52.55.474713 +0530
-150,z,39,3,9,z,1,0.4206834,None,9,3,39,3,,,,,107.5252665,,107.5103604,107.5252665,108.5250923,108.5250923,108.5250923,108.5250923,108.5250923,109.525672,109.525672,109.9601,z,1,0.4206834,None,,,,,662741,1,2025-10-02_14h52.53.010,untitled,,2025.1.1,59.85919919,2025-10-02 14h52.55.474713 +0530
-50,x,40,0,10,x,1,0.5450012,None,10,0,40,0,,,,,109.9752331,,109.9608932,109.9752331,110.9752471,110.9752471,110.9752471,110.9752471,110.9752471,111.9753638,111.9753638,112.5262992,x,1,0.5450012,None,,,,,662741,1,2025-10-02_14h52.53.010,untitled,,2025.1.1,59.85919919,2025-10-02 14h52.55.474713 +0530
150,v,41,1,10,v,1,0.4668465,None,10,1,41,1,,,,,112.5418268,,112.5271788,112.5418268,113.5418493,113.5418493,113.5418493,113.5418493,113.5418493,114.5418094,114.5418094,115.0097137,v,1,0.4668465,None,,,,,662741,1,2025-10-02_14h52.53.010,untitled,,2025.1.1,59.85919919,2025-10-02 14h52.55.474713 +0530
50,c,42,2,10,c,1,0.509929,None,10,2,42,2,,,,,115.0252645,,115.0105292,115.0252645,116.0253779,116.0253779,116.0253779,116.0253779,116.0253779,117.0252222,117.0252222,117.54286,c,1,0.509929,None,,,,,662741,1,2025-10-02_14h52.53.010,untitled,,2025.1.1,59.85919919,2025-10-02 14h52.55.474713 +0530
-150,z,43,3,10,z,1,0.5892352,None,10,3,43,3,,,,,117.5586509,,117.5435775,117.5586509,118.5585314,118.5585314,118.5585314,118.5585314,118.5585314,119.5419531,119.5419531,120.1427945,z,1,0.5892352,None,,,,,662741,1,2025-10-02_14h52.53.010,untitled,,2025.1.1,59.85919919,2025-10-02 14h52.55.474713 +0530
-50,x,44,0,11,x,1,0.5502197,None,11,0,44,0,,,,,120.1584432,,120.143344,120.1584432,121.1582265,121.1582265,121.1582265,121.1582265,121.1582265,122.1416396,122.1416396,122.6928604,x,1,0.5502197,None,,,,,662741,1,2025-10-02_14h52.53.010,untitled,,2025.1.1,59.85919919,2025-10-02 14h52.55.474713 +0530
150,v,45,1,11,v,1,0.4144134,None,11,1,45,1,,,,,122.708633,,122.6934029,122.708633,123.7084473,123.7084473,123.7084473,123.7084473,123.7084473,124.7083557,124.7083557,125.1260923,v,1,0.4144134,None,,,,,662741,1,2025-10-02_14h52.53.010,untitled,,2025.1.1,59.85919919,2025-10-02 14h52.55.474713 +0530
50,c,46,2,11,c,1,0.5554673,None,11,2,46,2,,,,,125.1419159,,125.1266837,125.1419159,126.1419439,126.1419439,126.1419439,126.1419439,126.1419439,127.1252522,127.1252522,127.6928697,c,1,0.5554673,None,,,,,662741,1,2025-10-02_14h52.53.010,untitled,,2025.1.1,59.85919919,2025-10-02 14h52.55.474713 +0530
-150,z,47,3,11,z,1,0.3403532,None,11,3,47,3,,,,,127.7084491,,127.6934861,127.7084491,128.7085038,128.7085038,128.7085038,128.7085038,128.7085038,129.691715,129.691715,130.0425639,z,1,0.3403532,None,,,,,662741,1,2025-10-02_14h52.53.010,untitled,,2025.1.1,59.85919919,2025-10-02 14h52.55.474713 +0530
-50,x,48,0,12,x,1,0.3694848,None,12,0,48,0,,,,,130.0584042,,130.0431285,130.0584042,131.0419364,131.0419364,131.0419364,131.0419364,131.0584934,132.0417977,132.0417977,132.4262763,x,1,0.3694848,None,,,,,662741,1,2025-10-02_14h52.53.010,untitled,,2025.1.1,59.85919919,2025-10-02 14h52.55.474713 +0530
150,v,49,1,12,v,1,0.4468999,None,12,1,49,1,,,,,132.441829,,132.4269186,132.441829,133.4418139,133.4418139,133.4418139,133.4418139,133.4418139,134.4418693,134.4418693,134.8927707,v,1,0.4468999,None,,,,,662741,1,2025-10-02_14h52.53.010,untitled,,2025.1.1,59.85919919,2025-10-02 14h52.55.474713 +0530
50,c,50,2,12,c,1,0.3406199,None,12,2,50,2,,,,,134.9085854,,134.8934885,134.9085854,135.9084712,135.9084712,135.9084712,135.9084712,135.9084712,136.9087254,136.9087254,137.2596664,c,1,0.3406199,None,,,,,662741,1,2025-10-02_14h52.53.010,untitled,,2025.1.1,59.85919919,2025-10-02 14h52.55.474713 +0530
-150,z,51,3,12,z,1,0.6392951,None,12,3,51,3,,,,,137.275008,,137.2604421,137.275008,138.2752271,138.2752271,138.2752271,138.2752271,138.2752271,139.275431,139.275431,139.9260428,z,1,0.6392951,None,,,,,662741,1,2025-10-02_14h52.53.010,untitled,,2025.1.1,59.85919919,2025-10-02 14h52.55.474713 +0530
-50,x,52,0,13,x,1,0.3171235,None,13,0,52,0,,,,,139.9419826,,139.9266296,139.9419826,140.9252648,140.9252648,140.9252648,140.9252648,140.9421768,141.9255969,141.9255969,142.2591889,x,1,0.3171235,None,,,,,662741,1,2025-10-02_14h52.53.010,untitled,,2025.1.1,59.85919919,2025-10-02 14h52.55.474713 +0530
150,v,53,1,13,v,1,0.2974241,None,13,1,53,1,,,,,142.2752961,,142.2599782,142.2752961,143.2584934,143.2584934,143.2584934,143.2584934,143.275108,144.2584966,144.2584966,144.5594383,v,1,0.2974241,None,,,,,662741,1,2025-10-02_14h52.53.010,untitled,,2025.1.1,59.85919919,2025-10-02 14h52.55.474713 +0530
50,c,54,2,13,c,1,0.6342724,None,13,2,54,2,,,,,144.575087,,144.5599918,144.575087,145.5582814,145.5582814,145.5582814,145.5582814,145.5754072,146.5753129,146.5753129,147.2258685,c,1,0.6342724,None,,,,,662741,1,2025-10-02_14h52.53.010,untitled,,2025.1.1,59.85919919,2025-10-02 14h52.55.474713 +0530
-150,z,55,3,13,z,1,0.3022147,None,13,3,55,3,,,,,147.241727,,147.2263889,147.241727,148.2254275,148.2254275,148.2254275,148.2254275,148.241934,149.2252742,149.2252742,149.5433375,z,1,0.3022147,None,,,,,662741,1,2025-10-02_14h52.53.010,untitled,,2025.1.1,59.85919919,2025-10-02 14h52.55.474713 +0530
-50,x,56,0,14,x,1,0.3130977,None,14,0,56,0,,,,,149.5586792,,149.544176,149.5586792,150.5582614,150.5582614,150.5582614,150.5582614,150.5582614,151.5584931,151.5584931,151.8761902,x,1,0.3130977,None,,,,,662741,1,2025-10-02_14h52.53.010,untitled,,2025.1.1,59.85919919,2025-10-02 14h52.55.474713 +0530
150,v,57,1,14,v,1,0.315156,None,14,1,57,1,,,,,151.8919161,,151.8768319,151.8919161,152.8751676,152.8751676,152.8751676,152.8751676,152.8916772,153.8749872,153.8749872,154.1926974,v,1,0.315156,None,,,,,662741,1,2025-10-02_14h52.53.010,untitled,,2025.1.1,59.85919919,2025-10-02 14h52.55.474713 +0530
50,c,58,2,14,c,1,0.3541572,None,14,2,58,2,,,,,154.20842,,154.1934598,154.20842,155.1920626,155.1920626,155.1920626,155.1920626,155.2083038,156.1918393,156.1918393,156.5599402,c,1,0.3541572,None,,,,,662741,1,2025-10-02_14h52.53.010,untitled,,2025.1.1,59.85919919,2025-10-02 14h52.55.474713 +0530
-150,z,59,3,14,z,1,0.2971521,None,14,3,59,3,,,,,156.5751943,,156.5605154,156.5751943,157.5754318,157.5754318,157.5754318,157.5754318,157.5754318,158.5753229,158.5753229,158.8762746,z,1,0.2971521,None,,,,,662741,1,2025-10-02_14h52.53.010,untitled,,2025.1.1,59.85919919,2025-10-02 14h52.55.474713 +0530
-50,x,60,0,15,x,1,0.5609099,None,15,0,60,0,,,,,158.8922449,,158.8770244,158.8922449,159.8919201,159.8919201,159.8919201,159.8919201,159.8919201,160.8917954,160.8917954,161.4593136,x,1,0.5609099,None,,,,,662741,1,2025-10-02_14h52.53.010,untitled,,2025.1.1,59.85919919,2025-10-02 14h52.55.474713 +0530
150,v,61,1,15,v,1,0.2873969,None,15,1,61,1,,,,,161.47531,,161.459825,161.47531,162.4583674,162.4583674,162.4583674,162.4583674,162.4752041,163.4586371,163.4586371,163.7591813,v,1,0.2873969,None,,,,,662741,1,2025-10-02_14h52.53.010,untitled,,2025.1.1,59.85919919,2025-10-02 14h52.55.474713 +0530
50,c,62,2,15,c,1,0.4370955,None,15,2,62,2,,,,,163.7753747,,163.7598047,163.7753747,164.7586635,164.7586635,164.7586635,164.7586635,164.7751807,165.7585721,165.7585721,166.2092963,c,1,0.4370955,None,,,,,662741,1,2025-10-02_14h52.53.010,untitled,,2025.1.1,59.85919919,2025-10-02 14h52.55.474713 +0530
-150,z,63,3,15,z,1,0.4714978,None,15,3,63,3,,,,,166.2254374,,166.2100882,166.2254374,167.208349,167.208349,167.208349,167.208349,167.2256515,168.2085282,168.2085282,168.6928832,z,1,0.4714978,None,,,,,662741,1,2025-10-02_14h52.53.010,untitled,,2025.1.1,59.85919919,2025-10-02 14h52.55.474713 +0530
-50,x,64,0,16,x,1,0.4485431,None,16,0,64,0,,,,,168.7084853,,168.6937318,168.7084853,169.6922576,169.6922576,169.6922576,169.6922576,169.7087433,170.7081937,170.7081937,171.1591369,x,1,0.4485431,None,,,,,662741,1,2025-10-02_14h52.53.010,untitled,,2025.1.1,59.85919919,2025-10-02 14h52.55.474713 +0530
150,v,65,1,16,v,1,0.4523055,None,16,1,65,1,,,,,171.175379,,171.1596958,171.175379,172.1584281,172.1584281,172.1584281,172.1584281,172.1751534,173.1588666,173.1588666,173.6260871,v,1,0.4523055,None,,,,,662741,1,2025-10-02_14h52.53.010,untitled,,2025.1.1,59.85919919,2025-10-02 14h52.55.474713 +0530
50,c,66,2,16,c,1,0.3277066,None,16,2,66,2,,,,,173.6418453,,173.626659,173.6418453,174.6252519,174.6252519,174.6252519,174.6252519,174.6418974,175.6421514,175.6421514,175.9759336,c,1,0.3277066,None,,,,,662741,1,2025-10-02_14h52.53.010,untitled,,2025.1.1,59.85919919,2025-10-02 14h52.55.474713 +0530
-150,z,67,3,16,z,1,0.4544201,None,16,3,67,3,,,,,175.9918796,,175.9765378,175.9918796,176.991836,176.991836,176.991836,176.991836,176.991836,177.975317,177.975317,178.4427191,z,1,0.4544201,None,,,,,662741,1,2025-10-02_14h52.53.010,untitled,,2025.1.1,59.85919919,2025-10-02 14h52.55.474713 +0530
-50,x,68,0,17,x,1,0.3769055,None,17,0,68,0,,,,,178.4584749,,178.4433592,178.4584749,179.4419707,179.4419707,179.4419707,179.4419707,179.4587186,180.4420117,180.4420117,180.8263587,x,1,0.3769055,None,,,,,662741,1,2025-10-02_14h52.53.010,untitled,,2025.1.1,59.85919919,2025-10-02 14h52.55.474713 +0530
150,v,69,1,17,v,1,0.282886,None,17,1,69,1,,,,,180.8422546,,180.8271084,180.8422546,181.8418838,181.8418838,181.8418838,181.8418838,181.8418838,182.842092,182.842092,183.1259858,v,1,0.282886,None,,,,,662741,1,2025-10-02_14h52.53.010,untitled,,2025.1.1,59.85919919,2025-10-02 14h52.55.474713 +0530
50,c,70,2,17,c,1,0.3677538,None,17,2,70,2,,,,,183.1418541,,183.1265794,183.1418541,184.1254867,184.1254867,184.1254867,184.1254867,184.1419455,185.1418712,185.1418712,185.5259846,c,1,0.3677538,None,,,,,662741,1,2025-10-02_14h52.53.010,untitled,,2025.1.1,59.85919919,2025-10-02 14h52.55.474713 +0530
-150,z,71,3,17,z,1,0.6514526,None,17,3,71,3,,,,,185.5419793,,185.526764,185.5419793,186.5253905,186.5253905,186.5253905,186.5253905,186.5418003,187.5250458,187.5250458,188.1924737,z,1,0.6514526,None,,,,,662741,1,2025-10-02_14h52.53.010,untitled,,2025.1.1,59.85919919,2025-10-02 14h52.55.474713 +0530
-50,x,72,0,18,x,1,0.3464707,None,18,0,72,0,,,,,188.208703,,188.1931438,188.208703,189.1917481,189.1917481,189.1917481,189.1917481,189.208266,190.1919769,190.1919769,190.5427443,x,1,0.3464707,None,,,,,662741,1,2025-10-02_14h52.53.010,untitled,,2025.1.1,59.85919919,2025-10-02 14h52.55.474713 +0530
150,v,73,1,18,v,1,0.3122518,None,18,1,73,1,,,,,190.5586133,,190.5433383,190.5586133,191.541986,191.541986,191.541986,191.541986,191.5587093,192.5421943,192.5421943,192.8593645,v,1,0.3122518,None,,,,,662741,1,2025-10-02_14h52.53.010,untitled,,2025.1.1,59.85919919,2025-10-02 14h52.55.474713 +0530
50,c,74,2,18,c,1,0.3205351,None,18,2,74,2,,,,,192.8752938,,192.8599239,192.8752938,193.8585964,193.8585964,193.8585964,193.8585964,193.8755347,194.8584621,194.8584621,195.1925239,c,1,0.3205351,None,,,,,662741,1,2025-10-02_14h52.53.010,untitled,,2025.1.1,59.85919919,2025-10-02 14h52.55.474713 +0530
-150,z,75,3,18,z,1,0.7085665,None,18,3,75,3,,,,,195.2085175,,195.1933721,195.2085175,196.1921258,196.1921258,196.1921258,196.1921258,196.2085558,197.1921758,197.1921758,197.9093281,z,1,0.7085665,None,,,,,662741,1,2025-10-02_14h52.53.010,untitled,,2025.1.1,59.85919919,2025-10-02 14h52.55.474713 +0530
-50,x,76,0,19,x,1,0.5705546,None,19,0,76,0,,,,,197.9251475,,197.9099424,197.9251475,198.9085986,198.9085986,198.9085986,198.9085986,198.9254412,199.9086611,199.9086611,200.4930471,x,1,0.5705546,None,,,,,662741,1,2025-10-02_14h52.53.010,untitled,,2025.1.1,59.85919919,2025-10-02 14h52.55.474713 +0530
150,v,77,1,19,v,1,0.4758748,None,19,1,77,1,,,,,200.5086353,,200.4936549,200.5086353,201.4921815,201.4921815,201.4921815,201.4921815,201.5087224,202.492166,202.492166,202.9763634,v,1,0.4758748,None,,,,,662741,1,2025-10-02_14h52.53.010,untitled,,2025.1.1,59.85919919,2025-10-02 14h52.55.474713 +0530
50,c,78,2,19,c,1,1.4399767,None,19,2,78,2,,,,,202.9918713,,202.9772253,202.9918713,203.991902,203.991902,203.991902,203.991902,203.991902,204.9918959,204.9918959,206.4424874,c,1,1.4399767,None,,,,,662741,1,2025-10-02_14h52.53.010,untitled,,2025.1.1,59.85919919,2025-10-02 14h52.55.474713 +0530
-150,z,79,3,19,z,1,0.6426668,None,19,3,79,3,,,,,206.4583637,,206.4429973,206.4583637,207.4418448,207.4418448,207.4418448,207.4418448,207.4585505,208.4420976,208.4420976,209.0927541,z,1,0.6426668,None,,,,,662741,1,2025-10-02_14h52.53.010,untitled,,2025.1.1,59.85919919,2025-10-02 14h52.55.474713 +0530
-50,x,80,0,20,x,1,0.8860153,None,20,0,80,0,,,,,209.1086151,,209.0933139,209.1086151,210.091976,210.091976,210.091976,210.091976,210.10876,211.0920344,211.0920344,211.9925858,x,1,0.8860153,None,,,,,662741,1,2025-10-02_14h52.53.010,untitled,,2025.1.1,59.85919919,2025-10-02 14h52.55.474713 +0530
150,v,81,1,20,v,1,0.7924447,None,20,1,81,1,,,,,212.0084121,,211.9931814,212.0084121,212.9921864,212.9921864,212.9921864,212.9921864,213.0085242,213.9921822,213.9921822,214.7925903,v,1,0.7924447,None,,,,,662741,1,2025-10-02_14h52.53.010,untitled,,2025.1.1,59.85919919,2025-10-02 14h52.55.474713 +0530
50,c,82,2,20,c,1,0.6532449,None,20,2,82,2,,,,,214.8086252,,214.7931365,214.8086252,215.7919256,215.7919256,215.7919256,215.7919256,215.8084479,216.7921718,216.7921718,217.4592889,c,1,0.6532449,None,,,,,662741,1,2025-10-02_14h52.53.010,untitled,,2025.1.1,59.85919919,2025-10-02 14h52.55.474713 +0530
-150,z,83,3,20,z,1,0.480078,None,20,3,83,3,,,,,217.4754459,,217.45993,217.4754459,218.4586291,218.4586291,218.4586291,218.4586291,218.4754984,219.4586312,219.4586312,219.9427284,z,1,0.480078,None,,,,,662741,1,2025-10-02_14h52.53.010,untitled,,2025.1.1,59.85919919,2025-10-02 14h52.55.474713 +0530
-50,x,84,0,21,x,1,0.7681331,None,21,0,84,0,,,,,219.9585005,,219.9433265,219.9585005,220.9420436,220.9420436,220.9420436,220.9420436,220.9586012,221.9581495,221.9581495,222.7428272,x,1,0.7681331,None,,,,,662741,1,2025-10-02_14h52.53.010,untitled,,2025.1.1,59.85919919,2025-10-02 14h52.55.474713 +0530
150,v,85,1,21,v,1,0.4622455,None,21,1,85,1,,,,,222.7586512,,222.7435938,222.7586512,223.7421391,223.7421391,223.7421391,223.7421391,223.7584803,224.7585439,224.7585439,225.2261381,v,1,0.4622455,None,,,,,662741,1,2025-10-02_14h52.53.010,untitled,,2025.1.1,59.85919919,2025-10-02 14h52.55.474713 +0530
50,c,86,2,21,c,1,0.6876123,None,21,2,86,2,,,,,225.2419529,,225.2267978,225.2419529,226.2422256,226.2422256,226.2422256,226.2422256,226.2422256,227.2418761,227.2418761,227.9427454,c,1,0.6876123,None,,,,,662741,1,2025-10-02_14h52.53.010,untitled,,2025.1.1,59.85919919,2025-10-02 14h52.55.474713 +0530
-150,z,87,3,21,z,1,0.5462455,None,21,3,87,3,,,,,227.9585052,,227.9432913,227.9585052,228.9419956,228.9419956,228.9419956,228.9419956,228.9584999,229.9418422,229.9418422,230.4926255,z,1,0.5462455,None,,,,,662741,1,2025-10-02_14h52.53.010,untitled,,2025.1.1,59.85919919,2025-10-02 14h52.55.474713 +0530
-50,x,88,0,22,x,1,0.7328679,None,22,0,88,0,,,,,230.5084056,,230.4931892,230.5084056,231.4917557,231.4917557,231.4917557,231.4917557,231.5086047,232.4919136,232.4919136,233.2268581,x,1,0.7328679,None,,,,,662741,1,2025-10-02_14h52.53.010,untitled,,2025.1.1,59.85919919,2025-10-02 14h52.55.474713 +0530
150,v,89,1,22,v,1,0.4822467,None,22,1,89,1,,,,,233.2420361,,233.2276429,233.2420361,234.2419288,234.2419288,234.2419288,234.2419288,234.2419288,235.2420239,235.2420239,235.726357,v,1,0.4822467,None,,,,,662741,1,2025-10-02_14h52.53.010,untitled,,2025.1.1,59.85919919,2025-10-02 14h52.55.474713 +0530
50,c,90,2,22,c,1,0.9411407,None,22,2,90,2,,,,,235.7420446,,235.7268998,235.7420446,236.7420742,236.7420742,236.7420742,236.7420742,236.7420742,237.7421656,237.7421656,238.692722,c,1,0.9411407,None,,,,,662741,1,2025-10-02_14h52.53.010,untitled,,2025.1.1,59.85919919,2025-10-02 14h52.55.474713 +0530
-150,z,91,3,22,z,1,0.7869428,None,22,3,91,3,,,,,238.7084492,,238.6932978,238.7084492,239.691891,239.691891,239.691891,239.691891,239.7084957,240.6918042,240.6918042,241.4928195,z,1,0.7869428,None,,,,,662741,1,2025-10-02_14h52.53.010,untitled,,2025.1.1,59.85919919,2025-10-02 14h52.55.474713 +0530
-50,x,92,0,23,x,1,0.6500321,None,23,0,92,0,,,,,241.5085844,,241.4933915,241.5085844,242.5090279,242.5090279,242.5090279,242.5090279,242.5090279,243.4921694,243.4921694,244.1593876,x,1,0.6500321,None,,,,,662741,1,2025-10-02_14h52.53.010,untitled,,2025.1.1,59.85919919,2025-10-02 14h52.55.474713 +0530
150,v,93,1,23,v,1,0.4787625,None,23,1,93,1,,,,,244.1752743,,244.1600086,244.1752743,245.158181,245.158181,245.158181,245.158181,245.1755575,246.1586335,246.1586335,246.6427269,v,1,0.4787625,None,,,,,662741,1,2025-10-02_14h52.53.010,untitled,,2025.1.1,59.85919919,2025-10-02 14h52.55.474713 +0530
50,c,94,2,23,c,1,0.6354647,None,23,2,94,2,,,,,246.6585103,,246.6433347,246.6585103,247.658735,247.658735,247.658735,247.658735,247.658735,248.6420587,248.6420587,249.2927975,c,1,0.6354647,None,,,,,662741,1,2025-10-02_14h52.53.010,untitled,,2025.1.1,59.85919919,2025-10-02 14h52.55.474713 +0530
-150,z,95,3,23,z,1,0.6957295,None,23,3,95,3,,,,,249.3084799,,249.2933473,249.3084799,250.2918804,250.2918804,250.2918804,250.2918804,250.3083299,251.2922091,251.2922091,251.9926454,z,1,0.6957295,None,,,,,662741,1,2025-10-02_14h52.53.010,untitled,,2025.1.1,59.85919919,2025-10-02 14h52.55.474713 +0530
-50,x,96,0,24,x,1,0.8326814,None,24,0,96,0,,,,,252.0083251,,251.9932409,252.0083251,252.9922949,252.9922949,252.9922949,252.9922949,253.0085179,253.9917799,253.9917799,254.8262435,x,1,0.8326814,None,,,,,662741,1,2025-10-02_14h52.53.010,untitled,,2025.1.1,59.85919919,2025-10-02 14h52.55.474713 +0530
150,v,97,1,24,v,1,0.4447028,None,24,1,97,1,,,,,254.8421657,,254.8269113,254.8421657,255.8419379,255.8419379,255.8419379,255.8419379,255.8419379,256.8252212,256.8252212,257.275974,v,1,0.4447028,None,,,,,662741,1,2025-10-02_14h52.53.010,untitled,,2025.1.1,59.85919919,2025-10-02 14h52.55.474713 +0530
50,c,98,2,24,c,1,0.7010208,None,24,2,98,2,,,,,257.2920352,,257.2766261,257.2920352,258.2754909,258.2754909,258.2754909,258.2754909,258.2920962,259.2751224,259.2751224,259.9928759,c,1,0.7010208,None,,,,,662741,1,2025-10-02_14h52.53.010,untitled,,2025.1.1,59.85919919,2025-10-02 14h52.55.474713 +0530
-150,z,99,3,24,z,1,0.4124925,None,24,3,99,3,,,,,260.0084359,,259.9935304,260.0084359,261.0085331,261.0085331,261.0085331,261.0085331,261.0085331,261.9921868,261.9921868,262.4092534,z,1,0.4124925,None,,,,,662741,1,2025-10-02_14h52.53.010,untitled,,2025.1.1,59.85919919,2025-10-02 14h52.55.474713 +0530
-150,z,0,0,0,z,1,0.4991649,None,,,,,0,0,0,3,262.4266324,,262.4223966,262.4266324,263.4083643,263.4083643,263.4083643,263.4083643,263.4418114,264.4085338,264.4085338,264.9099055,,,,,z,1,0.4991649,None,662741,1,2025-10-02_14h52.53.010,untitled,,2025.1.1,59.85919919,2025-10-02 14h52.55.474713 +0530
150,v,1,1,0,v,1,0.4534669,None,,,,,0,1,1,1,264.9252436,,264.9105994,264.9252436,265.9251081,265.9251081,265.9251081,265.9251081,265.9251081,266.9252509,266.9252509,267.3926647,,,,,v,1,0.4534669,None,662741,1,2025-10-02_14h52.53.010,untitled,,2025.1.1,59.85919919,2025-10-02 14h52.55.474713 +0530
-150,z,2,2,1,z,1,0.3731501,None,,,,,1,2,2,3,267.4084075,,267.3935547,267.4084075,268.391998,268.391998,268.391998,268.391998,268.4085546,269.3921017,269.3921017,269.7761443,,,,,z,1,0.3731501,None,662741,1,2025-10-02_14h52.53.010,untitled,,2025.1.1,59.85919919,2025-10-02 14h52.55.474713 +0530
-50,x,3,3,0,x,1,0.4934297,None,,,,,0,3,3,0,269.7917506,,269.7767039,269.7917506,270.7918977,270.7918977,270.7918977,270.7918977,270.7918977,271.7754619,271.7754619,272.2761778,,,,,x,1,0.4934297,None,662741,1,2025-10-02_14h52.53.010,untitled,,2025.1.1,59.85919919,2025-10-02 14h52.55.474713 +0530
-150,z,4,4,2,z,1,0.4763525,None,,,,,2,4,4,3,272.2920123,,272.27688,272.2920123,273.2918381,273.2918381,273.2918381,273.2918381,273.2918381,274.2921166,274.2921166,274.7762049,,,,,z,1,0.4763525,None,662741,1,2025-10-02_14h52.53.010,untitled,,2025.1.1,59.85919919,2025-10-02 14h52.55.474713 +0530
50,c,5,5,0,v,0,0.5033366,None,,,,,0,5,5,2,274.7921608,,274.7770241,274.7921608,275.7751603,275.7751603,275.7751603,275.7751603,275.7920506,276.7917886,276.7917886,277.3092859,,,,,v,0,0.5033366,None,662741,1,2025-10-02_14h52.53.010,untitled,,2025.1.1,59.85919919,2025-10-02 14h52.55.474713 +0530
-150,z,6,6,3,z,1,0.5289115,None,,,,,3,6,6,3,277.3251702,,277.3100829,277.3251702,278.3087548,278.3087548,278.3087548,278.3087548,278.3255759,279.3088604,279.3088604,279.8429277,,,,,z,1,0.5289115,None,662741,1,2025-10-02_14h52.53.010,untitled,,2025.1.1,59.85919919,2025-10-02 14h52.55.474713 +0530
50,c,7,7,1,c,1,0.4596392,None,,,,,1,7,7,2,279.8589007,,279.8435325,279.8589007,280.8587343,280.8587343,280.8587343,280.8587343,280.8587343,281.8587722,281.8587722,282.3261661,,,,,c,1,0.4596392,None,662741,1,2025-10-02_14h52.53.010,untitled,,2025.1.1,59.85919919,2025-10-02 14h52.55.474713 +0530
50,c,8,8,2,c,1,0.9073017,None,,,,,2,8,8,2,282.3420751,,282.3268,282.3420751,283.3418486,283.3418486,283.3418486,283.3418486,283.3418486,284.341785,284.341785,285.2592488,,,,,c,1,0.9073017,None,662741,1,2025-10-02_14h52.53.010,untitled,,2025.1.1,59.85919919,2025-10-02 14h52.55.474713 +0530
-50,x,9,9,1,x,1,0.6856754,None,,,,,1,9,9,0,285.2752494,,285.2598124,285.2752494,286.258651,286.258651,286.258651,286.258651,286.2756641,287.2584565,287.2584565,287.959631,,,,,x,1,0.6856754,None,662741,1,2025-10-02_14h52.53.010,untitled,,2025.1.1,59.85919919,2025-10-02 14h52.55.474713 +0530
-50,x,10,10,2,x,1,0.8020944,None,,,,,2,10,10,0,287.975411,,287.9604096,287.975411,288.9586369,288.9586369,288.9586369,288.9586369,288.9754938,289.9753864,289.9753864,290.7927756,,,,,x,1,0.8020944,None,662741,1,2025-10-02_14h52.53.010,untitled,,2025.1.1,59.85919919,2025-10-02 14h52.55.474713 +0530
-50,x,11,11,3,x,1,0.9294145,None,,,,,3,11,11,0,290.8086039,,290.7933796,290.8086039,291.7922185,291.7922185,291.7922185,291.7922185,291.8082611,292.7919808,292.7919808,293.7262184,,,,,x,1,0.9294145,None,662741,1,2025-10-02_14h52.53.010,untitled,,2025.1.1,59.85919919,2025-10-02 14h52.55.474713 +0530
150,v,12,12,1,v,1,0.5129803,None,,,,,1,12,12,1,293.7421508,,293.7269424,293.7421508,294.7421611,294.7421611,294.7421611,294.7421611,294.7421611,295.7420206,295.7420206,296.2593978,,,,,v,1,0.5129803,None,662741,1,2025-10-02_14h52.53.010,untitled,,2025.1.1,59.85919919,2025-10-02 14h52.55.474713 +0530
150,v,13,13,2,v,1,0.5861147,None,,,,,2,13,13,1,296.2752555,,296.2599915,296.2752555,297.2585584,297.2585584,297.2585584,297.2585584,297.2754696,298.2587575,298.2587575,298.8596692,,,,,v,1,0.5861147,None,662741,1,2025-10-02_14h52.53.010,untitled,,2025.1.1,59.85919919,2025-10-02 14h52.55.474713 +0530
-150,z,14,14,4,z,1,0.5660497,None,,,,,4,14,14,3,298.8754124,,298.8606356,298.8754124,299.8751492,299.8751492,299.8751492,299.8751492,299.8751492,300.8753155,300.8753155,301.4429285,,,,,z,1,0.5660497,None,662741,1,2025-10-02_14h52.53.010,untitled,,2025.1.1,59.85919919,2025-10-02 14h52.55.474713 +0530
50,c,15,15,3,v,0,0.6262474,None,,,,,3,15,15,2,301.4582922,,301.4437205,301.4582922,302.4585044,302.4585044,302.4585044,302.4585044,302.4585044,303.441761,303.441761,304.0764371,,,,,v,0,0.6262474,None,662741,1,2025-10-02_14h52.53.010,untitled,,2025.1.1,59.85919919,2025-10-02 14h52.55.474713 +0530
-150,z,16,16,5,z,1,1.6363407,None,,,,,5,16,16,3,304.0918586,,304.0771393,304.0918586,305.0918317,305.0918317,305.0918317,305.0918317,305.0918317,306.0917048,306.0917048,307.7426726,,,,,z,1,1.6363407,None,662741,1,2025-10-02_14h52.53.010,untitled,,2025.1.1,59.85919919,2025-10-02 14h52.55.474713 +0530
150,v,17,17,3,v,1,0.5016854,None,,,,,3,17,17,1,307.7584561,,307.7434093,307.7584561,308.7419849,308.7419849,308.7419849,308.7419849,308.7588125,309.742062,309.742062,310.2597422,,,,,v,1,0.5016854,None,662741,1,2025-10-02_14h52.53.010,untitled,,2025.1.1,59.85919919,2025-10-02 14h52.55.474713 +0530
-150,z,18,18,6,z,1,0.5239322,None,,,,,6,18,18,3,310.2754649,,310.2603684,310.2754649,311.2752165,311.2752165,311.2752165,311.2752165,311.2752165,312.2586472,312.2586472,312.7933891,,,,,z,1,0.5239322,None,662741,1,2025-10-02_14h52.53.010,untitled,,2025.1.1,59.85919919,2025-10-02 14h52.55.474713 +0530
-50,x,19,19,4,x,1,0.6781717,None,,,,,4,19,19,0,312.8088623,,312.7939388,312.8088623,313.8087973,313.8087973,313.8087973,313.8087973,313.8087973,314.8088263,314.8088263,315.4928623,,,,,x,1,0.6781717,None,662741,1,2025-10-02_14h52.53.010,untitled,,2025.1.1,59.85919919,2025-10-02 14h52.55.474713 +0530
50,c,20,20,4,c,1,1.144107,None,,,,,4,20,20,2,315.5086065,,315.4937269,315.5086065,316.4917223,316.4917223,316.4917223,316.4917223,316.5082236,317.5084077,317.5084077,318.6591072,,,,,c,1,1.144107,None,662741,1,2025-10-02_14h52.53.010,untitled,,2025.1.1,59.85919919,2025-10-02 14h52.55.474713 +0530
-150,z,21,21,7,z,1,0.4343581,None,,,,,7,21,21,3,318.6754013,,318.6596783,318.6754013,319.6586427,319.6586427,319.6586427,319.6586427,319.6752032,320.6584287,320.6584287,321.1087953,,,,,z,1,0.4343581,None,662741,1,2025-10-02_14h52.53.010,untitled,,2025.1.1,59.85919919,2025-10-02 14h52.55.474713 +0530
-150,z,22,22,8,z,1,0.515408,None,,,,,8,22,22,3,321.1250509,,321.1091386,321.1250509,322.1084371,322.1084371,322.1084371,322.1084371,322.1252265,323.1084866,323.1084866,323.6259643,,,,,z,1,0.515408,None,662741,1,2025-10-02_14h52.53.010,untitled,,2025.1.1,59.85919919,2025-10-02 14h52.55.474713 +0530
50,c,23,23,5,c,1,0.8249427,None,,,,,5,23,23,2,323.6421276,,323.6266271,323.6421276,324.6253653,324.6253653,324.6253653,324.6253653,324.6419824,325.6252525,325.6252525,326.4594267,,,,,c,1,0.8249427,None,662741,1,2025-10-02_14h52.53.010,untitled,,2025.1.1,59.85919919,2025-10-02 14h52.55.474713 +0530
150,v,24,24,4,v,1,0.5380229,None,,,,,4,24,24,1,326.4754997,,326.4602233,326.4754997,327.4588194,327.4588194,327.4588194,327.4588194,327.4752533,328.4582618,328.4582618,329.0096467,,,,,v,1,0.5380229,None,662741,1,2025-10-02_14h52.53.010,untitled,,2025.1.1,59.85919919,2025-10-02 14h52.55.474713 +0530
50,c,25,25,6,c,1,0.8718428,None,,,,,6,25,25,2,329.0252111,,329.0102413,329.0252111,330.0253563,330.0253563,330.0253563,330.0253563,330.0253563,331.0252404,331.0252404,331.9095693,,,,,c,1,0.8718428,None,662741,1,2025-10-02_14h52.53.010,untitled,,2025.1.1,59.85919919,2025-10-02 14h52.55.474713 +0530
150,v,26,26,5,v,1,0.5756955,None,,,,,5,26,26,1,331.9253499,,331.910274,331.9253499,332.9086097,332.9086097,332.9086097,332.9086097,332.925413,333.9252022,333.9252022,334.5095915,,,,,v,1,0.5756955,None,662741,1,2025-10-02_14h52.53.010,untitled,,2025.1.1,59.85919919,2025-10-02 14h52.55.474713 +0530
50,c,27,27,7,c,1,0.7277016,None,,,,,7,27,27,2,334.5252249,,334.5101441,334.5252249,335.5087398,335.5087398,335.5087398,335.5087398,335.5252097,336.5086199,336.5086199,337.2428685,,,,,c,1,0.7277016,None,662741,1,2025-10-02_14h52.53.010,untitled,,2025.1.1,59.85919919,2025-10-02 14h52.55.474713 +0530
150,v,28,28,6,v,1,0.7492286,None,,,,,6,28,28,1,337.2585092,,337.2436243,337.2585092,338.2421087,338.2421087,338.2421087,338.2421087,338.2585335,339.2420794,339.2420794,339.9929642,,,,,v,1,0.7492286,None,662741,1,2025-10-02_14h52.53.010,untitled,,2025.1.1,59.85919919,2025-10-02 14h52.55.474713 +0530
150,v,29,29,7,v,1,0.7399183,None,,,,,7,29,29,1,340.0088691,,339.993726,340.0088691,341.0083393,341.0083393,341.0083393,341.0083393,341.0083393,342.008779,342.008779,342.7594968,,,,,v,1,0.7399183,None,662741,1,2025-10-02_14h52.53.010,untitled,,2025.1.1,59.85919919,2025-10-02 14h52.55.474713 +0530
150,v,30,30,8,v,1,0.6716577,None,,,,,8,30,30,1,342.7752147,,342.7600689,342.7752147,343.7587623,343.7587623,343.7587623,343.7587623,343.7751562,344.7585386,344.7585386,345.4430281,,,,,v,1,0.6716577,None,662741,1,2025-10-02_14h52.53.010,untitled,,2025.1.1,59.85919919,2025-10-02 14h52.55.474713 +0530
150,v,31,31,9,v,1,0.6345981,None,,,,,9,31,31,1,345.4585786,,345.4436586,345.4585786,346.4585741,346.4585741,346.4585741,346.4585741,346.4585741,347.458609,347.458609,348.1091909,,,,,v,1,0.6345981,None,662741,1,2025-10-02_14h52.53.010,untitled,,2025.1.1,59.85919919,2025-10-02 14h52.55.474713 +0530
50,c,32,32,8,c,1,0.6528277,None,,,,,8,32,32,2,348.1255073,,348.1097091,348.1255073,349.1085583,349.1085583,349.1085583,349.1085583,349.1254294,350.1086589,350.1086589,350.7761788,,,,,c,1,0.6528277,None,662741,1,2025-10-02_14h52.53.010,untitled,,2025.1.1,59.85919919,2025-10-02 14h52.55.474713 +0530
-150,z,33,33,9,z,1,0.4322597,None,,,,,9,33,33,3,350.7924068,,350.7767673,350.7924068,351.7918715,351.7918715,351.7918715,351.7918715,351.7918715,352.7751912,352.7751912,353.2096154,,,,,z,1,0.4322597,None,662741,1,2025-10-02_14h52.53.010,untitled,,2025.1.1,59.85919919,2025-10-02 14h52.55.474713 +0530
-50,x,34,34,5,x,1,0.6957345,None,,,,,5,34,34,0,353.2254406,,353.2102633,353.2254406,354.2085731,354.2085731,354.2085731,354.2085731,354.2252284,355.2250033,355.2250033,355.9259474,,,,,x,1,0.6957345,None,662741,1,2025-10-02_14h52.53.010,untitled,,2025.1.1,59.85919919,2025-10-02 14h52.55.474713 +0530
150,v,35,35,10,v,1,0.474958,None,,,,,10,35,35,1,355.9420151,,355.9267488,355.9420151,356.94228,356.94228,356.94228,356.94228,356.94228,357.9256162,357.9256162,358.4094739,,,,,v,1,0.474958,None,662741,1,2025-10-02_14h52.53.010,untitled,,2025.1.1,59.85919919,2025-10-02 14h52.55.474713 +0530
150,v,36,36,11,v,1,0.6943018,None,,,,,11,36,36,1,358.4255966,,358.4100285,358.4255966,359.4258654,359.4258654,359.4258654,359.4258654,359.4258654,360.4085154,360.4085154,361.1092066,,,,,v,1,0.6943018,None,662741,1,2025-10-02_14h52.53.010,untitled,,2025.1.1,59.85919919,2025-10-02 14h52.55.474713 +0530
50,c,37,37,9,c,1,0.5714836,None,,,,,9,37,37,2,361.1252083,,361.1097928,361.1252083,362.1084193,362.1084193,362.1084193,362.1084193,362.1254683,363.1086109,363.1086109,363.6926044,,,,,c,1,0.5714836,None,662741,1,2025-10-02_14h52.53.010,untitled,,2025.1.1,59.85919919,2025-10-02 14h52.55.474713 +0530
-150,z,38,38,10,z,1,0.5579191,None,,,,,10,38,38,3,363.7089536,,363.6931542,363.7089536,364.7084587,364.7084587,364.7084587,364.7084587,364.7084587,365.6919145,365.6919145,366.2591721,,,,,z,1,0.5579191,None,662741,1,2025-10-02_14h52.53.010,untitled,,2025.1.1,59.85919919,2025-10-02 14h52.55.474713 +0530
50,c,39,39,10,c,1,0.7268022,None,,,,,10,39,39,2,366.2753986,,366.2597471,366.2753986,367.2586591,367.2586591,367.2586591,367.2586591,367.275549,368.2588709,368.2588709,368.9932149,,,,,c,1,0.7268022,None,662741,1,2025-10-02_14h52.53.010,untitled,,2025.1.1,59.85919919,2025-10-02 14h52.55.474713 +0530
50,c,40,40,11,c,1,0.7384158,None,,,,,11,40,40,2,369.0083983,,368.9939093,369.0083983,370.0084377,370.0084377,370.0084377,370.0084377,370.0084377,371.0090465,371.0090465,371.7596433,,,,,c,1,0.7384158,None,662741,1,2025-10-02_14h52.53.010,untitled,,2025.1.1,59.85919919,2025-10-02 14h52.55.474713 +0530
50,c,41,41,12,c,1,0.7838237,None,,,,,12,41,41,2,371.7750922,,371.7602291,371.7750922,372.7753444,372.7753444,372.7753444,372.7753444,372.7753444,373.7754207,373.7754207,374.5763959,,,,,c,1,0.7838237,None,662741,1,2025-10-02_14h52.53.010,untitled,,2025.1.1,59.85919919,2025-10-02 14h52.55.474713 +0530
50,c,42,42,13,c,1,0.66463,None,,,,,13,42,42,2,374.592302,,374.5769378,374.592302,375.5919454,375.5919454,375.5919454,375.5919454,375.5919454,376.5923297,376.5923297,377.2591712,,,,,c,1,0.66463,None,662741,1,2025-10-02_14h52.53.010,untitled,,2025.1.1,59.85919919,2025-10-02 14h52.55.474713 +0530
-150,z,43,43,11,z,1,0.5284957,None,,,,,11,43,43,3,377.2756246,,377.2598222,377.2756246,378.2585419,378.2585419,378.2585419,378.2585419,378.2753312,379.2586408,379.2586408,379.793023,,,,,z,1,0.5284957,None,662741,1,2025-10-02_14h52.53.010,untitled,,2025.1.1,59.85919919,2025-10-02 14h52.55.474713 +0530
-150,z,44,44,12,z,1,0.6474225,None,,,,,12,44,44,3,379.8086218,,379.7937906,379.8086218,380.8082964,380.8082964,380.8082964,380.8082964,380.8082964,381.8087583,381.8087583,382.4593371,,,,,z,1,0.6474225,None,662741,1,2025-10-02_14h52.53.010,untitled,,2025.1.1,59.85919919,2025-10-02 14h52.55.474713 +0530
-150,z,45,45,13,z,1,1.8808989,None,,,,,13,45,45,3,382.4757495,,382.459899,382.4757495,383.4586582,383.4586582,383.4586582,383.4586582,383.4752505,384.4586584,384.4586584,386.3425164,,,,,z,1,1.8808989,None,662741,1,2025-10-02_14h52.53.010,untitled,,2025.1.1,59.85919919,2025-10-02 14h52.55.474713 +0530
-50,x,46,46,6,x,1,0.8007458,None,,,,,6,46,46,0,386.3585743,,386.3431083,386.3585743,387.3420208,387.3420208,387.3420208,387.3420208,387.3588742,388.3419019,388.3419019,389.1599774,,,,,x,1,0.8007458,None,662741,1,2025-10-02_14h52.53.010,untitled,,2025.1.1,59.85919919,2025-10-02 14h52.55.474713 +0530
150,v,47,47,12,v,1,0.6490843,None,,,,,12,47,47,1,389.1751965,,389.1609255,389.1751965,390.1754116,390.1754116,390.1754116,390.1754116,390.1754116,391.1752544,391.1752544,391.8265016,,,,,v,1,0.6490843,None,662741,1,2025-10-02_14h52.53.010,untitled,,2025.1.1,59.85919919,2025-10-02 14h52.55.474713 +0530
50,c,48,48,14,c,1,1.1225824,None,,,,,14,48,48,2,391.841712,,391.8273642,391.841712,392.8419775,392.8419775,392.8419775,392.8419775,392.8419775,393.8420832,393.8420832,394.9762907,,,,,c,1,1.1225824,None,662741,1,2025-10-02_14h52.53.010,untitled,,2025.1.1,59.85919919,2025-10-02 14h52.55.474713 +0530
150,v,49,49,13,v,1,2.5887319,None,,,,,13,49,49,1,394.9919475,,394.9769791,394.9919475,395.9921335,395.9921335,395.9921335,395.9921335,395.9921335,396.9919342,396.9919342,399.5930434,,,,,v,1,2.5887319,None,662741,1,2025-10-02_14h52.53.010,untitled,,2025.1.1,59.85919919,2025-10-02 14h52.55.474713 +0530
50,c,50,50,15,c,1,0.8053446,None,,,,,15,50,50,2,399.6083719,,399.593671,399.6083719,400.6083849,400.6083849,400.6083849,400.6083849,400.6083849,401.6086465,401.6086465,402.42624,,,,,c,1,0.8053446,None,662741,1,2025-10-02_14h52.53.010,untitled,,2025.1.1,59.85919919,2025-10-02 14h52.55.474713 +0530
50,c,51,51,16,c,1,0.6480456,None,,,,,16,51,51,2,402.4421894,,402.427079,402.4421894,403.4251111,403.4251111,403.4251111,403.4251111,403.4419672,404.4419969,404.4419969,405.0929085,,,,,c,1,0.6480456,None,662741,1,2025-10-02_14h52.53.010,untitled,,2025.1.1,59.85919919,2025-10-02 14h52.55.474713 +0530
-50,x,52,52,7,x,1,0.6769865,None,,,,,7,52,52,0,405.1083653,,405.0935625,405.1083653,406.1086214,406.1086214,406.1086214,406.1086214,406.1086214,407.0920333,407.0920333,407.7762309,,,,,x,1,0.6769865,None,662741,1,2025-10-02_14h52.53.010,untitled,,2025.1.1,59.85919919,2025-10-02 14h52.55.474713 +0530
-150,z,53,53,14,z,1,0.5243441,None,,,,,14,53,53,3,407.7920181,,407.7768222,407.7920181,408.792093,408.792093,408.792093,408.792093,408.792093,409.7917843,409.7917843,410.3262473,,,,,z,1,0.5243441,None,662741,1,2025-10-02_14h52.53.010,untitled,,2025.1.1,59.85919919,2025-10-02 14h52.55.474713 +0530
-150,z,54,54,15,z,1,0.4819403,None,,,,,15,54,54,3,410.3421671,,410.3269136,410.3421671,411.3419069,411.3419069,411.3419069,411.3419069,411.3419069,412.3254179,412.3254179,412.8093952,,,,,z,1,0.4819403,None,662741,1,2025-10-02_14h52.53.010,untitled,,2025.1.1,59.85919919,2025-10-02 14h52.55.474713 +0530
-150,z,55,55,16,z,1,0.4165029,None,,,,,16,55,55,3,412.8253322,,412.8099235,412.8253322,413.8088641,413.8088641,413.8088641,413.8088641,413.8254336,414.8087345,414.8087345,415.2264096,,,,,z,1,0.4165029,None,662741,1,2025-10-02_14h52.53.010,untitled,,2025.1.1,59.85919919,2025-10-02 14h52.55.474713 +0530
150,v,56,56,14,v,1,0.2878704,None,,,,,14,56,56,1,415.2423861,,415.227333,415.2423861,416.2418888,416.2418888,416.2418888,416.2418888,416.2418888,417.242006,417.242006,417.5429965,,,,,v,1,0.2878704,None,662741,1,2025-10-02_14h52.53.010,untitled,,2025.1.1,59.85919919,2025-10-02 14h52.55.474713 +0530
-150,z,57,57,17,z,1,0.6762703,None,,,,,17,57,57,3,417.5587186,,417.5438053,417.5587186,418.5421162,418.5421162,418.5421162,418.5421162,418.5586995,419.5421485,419.5421485,420.226093,,,,,z,1,0.6762703,None,662741,1,2025-10-02_14h52.53.010,untitled,,2025.1.1,59.85919919,2025-10-02 14h52.55.474713 +0530
-50,x,58,58,8,x,1,0.8553436,None,,,,,8,58,58,0,420.2419771,,420.2266851,420.2419771,421.2254307,421.2254307,421.2254307,421.2254307,421.2421221,422.2417445,422.2417445,423.1088414,,,,,x,1,0.8553436,None,662741,1,2025-10-02_14h52.53.010,untitled,,2025.1.1,59.85919919,2025-10-02 14h52.55.474713 +0530
150,v,59,59,15,v,1,0.6351616,None,,,,,15,59,59,1,423.1248616,,423.1093883,423.1248616,424.1086631,424.1086631,424.1086631,424.1086631,424.1254034,425.1085354,425.1085354,425.7591874,,,,,v,1,0.6351616,None,662741,1,2025-10-02_14h52.53.010,untitled,,2025.1.1,59.85919919,2025-10-02 14h52.55.474713 +0530
-150,z,60,60,18,z,1,0.5526195,None,,,,,18,60,60,3,425.7752941,,425.759758,425.7752941,426.7588296,426.7588296,426.7588296,426.7588296,426.7754373,427.7587438,427.7587438,428.3262057,,,,,z,1,0.5526195,None,662741,1,2025-10-02_14h52.53.010,untitled,,2025.1.1,59.85919919,2025-10-02 14h52.55.474713 +0530
150,v,61,61,16,v,1,0.6232593,None,,,,,16,61,61,1,428.3421031,,428.32677,428.3421031,429.3253373,429.3253373,429.3253373,429.3253373,429.3422147,430.34219,430.34219,430.9763505,,,,,v,1,0.6232593,None,662741,1,2025-10-02_14h52.53.010,untitled,,2025.1.1,59.85919919,2025-10-02 14h52.55.474713 +0530
-50,x,62,62,9,x,1,1.4481651,None,,,,,9,62,62,0,430.9919172,,430.9769977,430.9919172,431.9754455,431.9754455,431.9754455,431.9754455,431.9920411,432.991903,432.991903,434.442916,,,,,x,1,1.4481651,None,662741,1,2025-10-02_14h52.53.010,untitled,,2025.1.1,59.85919919,2025-10-02 14h52.55.474713 +0530
-50,x,63,63,10,x,1,1.2022409,None,,,,,10,63,63,0,434.4586955,,434.4437776,434.4586955,435.4420809,435.4420809,435.4420809,435.4420809,435.4584084,436.4419721,436.4419721,437.6595917,,,,,x,1,1.2022409,None,662741,1,2025-10-02_14h52.53.010,untitled,,2025.1.1,59.85919919,2025-10-02 14h52.55.474713 +0530
-50,x,64,64,11,x,1,0.5703169,None,,,,,11,64,64,0,437.6753566,,437.660231,437.6753566,438.6588127,438.6588127,438.6588127,438.6588127,438.6757234,439.6587525,439.6587525,440.2431622,,,,,x,1,0.5703169,None,662741,1,2025-10-02_14h52.53.010,untitled,,2025.1.1,59.85919919,2025-10-02 14h52.55.474713 +0530
50,c,65,65,17,v,0,1.0010941,None,,,,,17,65,65,2,440.2585173,,440.2439545,440.2585173,441.2586564,441.2586564,441.2586564,441.2586564,441.2586564,442.2588722,442.2588722,443.2762549,,,,,v,0,1.0010941,None,662741,1,2025-10-02_14h52.53.010,untitled,,2025.1.1,59.85919919,2025-10-02 14h52.55.474713 +0530
-150,z,66,66,19,z,1,0.3565485,None,,,,,19,66,66,3,443.292091,,443.2770919,443.292091,444.2920639,444.2920639,444.2920639,444.2920639,444.2920639,445.2919466,445.2919466,445.6596509,,,,,z,1,0.3565485,None,662741,1,2025-10-02_14h52.53.010,untitled,,2025.1.1,59.85919919,2025-10-02 14h52.55.474713 +0530
-50,x,67,67,12,z,0,0.6271691,None,,,,,12,67,67,0,445.6754018,,445.6602107,445.6754018,446.6761728,446.6761728,446.6761728,446.6761728,446.6761728,447.6753887,447.6753887,448.3096798,,,,,z,0,0.6271691,None,662741,1,2025-10-02_14h52.53.010,untitled,,2025.1.1,59.85919919,2025-10-02 14h52.55.474713 +0530
-50,x,68,68,13,x,1,0.5472814,None,,,,,13,68,68,0,448.3257367,,448.3102181,448.3257367,449.3088228,449.3088228,449.3088228,449.3088228,449.3253958,450.3251333,450.3251333,450.8763705,,,,,x,1,0.5472814,None,662741,1,2025-10-02_14h52.53.010,untitled,,2025.1.1,59.85919919,2025-10-02 14h52.55.474713 +0530
150,v,69,69,17,v,1,0.6840644,None,,,,,17,69,69,1,450.892162,,450.8770998,450.892162,451.8921784,451.8921784,451.8921784,451.8921784,451.8921784,452.8754936,452.8754936,453.5763431,,,,,v,1,0.6840644,None,662741,1,2025-10-02_14h52.53.010,untitled,,2025.1.1,59.85919919,2025-10-02 14h52.55.474713 +0530
150,v,70,70,18,v,1,0.6807202,None,,,,,18,70,70,1,453.592159,,453.5769366,453.592159,454.5919682,454.5919682,454.5919682,454.5919682,454.5919682,455.5753975,455.5753975,456.2592681,,,,,v,1,0.6807202,None,662741,1,2025-10-02_14h52.53.010,untitled,,2025.1.1,59.85919919,2025-10-02 14h52.55.474713 +0530
-50,x,71,71,14,x,1,1.2684714,None,,,,,14,71,71,0,456.2754643,,456.2598005,456.2754643,457.2589729,457.2589729,457.2589729,457.2589729,457.2755711,458.2588891,458.2588891,459.5427118,,,,,x,1,1.2684714,None,662741,1,2025-10-02_14h52.53.010,untitled,,2025.1.1,59.85919919,2025-10-02 14h52.55.474713 +0530
50,c,72,72,18,c,1,1.0338982,None,,,,,18,72,72,2,459.5586798,,459.5432342,459.5586798,460.5422546,460.5422546,460.5422546,460.5422546,460.5585109,461.5423154,461.5423154,462.5929364,,,,,c,1,1.0338982,None,662741,1,2025-10-02_14h52.53.010,untitled,,2025.1.1,59.85919919,2025-10-02 14h52.55.474713 +0530
50,c,73,73,19,c,1,0.5224007,None,,,,,19,73,73,2,462.6085891,,462.5935586,462.6085891,463.6086452,463.6086452,463.6086452,463.6086452,463.6086452,464.592114,464.592114,465.1264256,,,,,c,1,0.5224007,None,662741,1,2025-10-02_14h52.53.010,untitled,,2025.1.1,59.85919919,2025-10-02 14h52.55.474713 +0530
50,c,74,74,20,c,1,0.8125889,None,,,,,20,74,74,2,465.1417791,,465.1271389,465.1417791,466.1422725,466.1422725,466.1422725,466.1422725,466.1422725,467.1420555,467.1420555,467.9594859,,,,,c,1,0.8125889,None,662741,1,2025-10-02_14h52.53.010,untitled,,2025.1.1,59.85919919,2025-10-02 14h52.55.474713 +0530
-150,z,75,75,20,z,1,0.5811746,None,,,,,20,75,75,3,467.9755146,,467.9600797,467.9755146,468.9584133,468.9584133,468.9584133,468.9584133,468.9753472,469.9749267,469.9749267,470.5583827,,,,,z,1,0.5811746,None,662741,1,2025-10-02_14h52.53.010,untitled,,2025.1.1,59.85919919,2025-10-02 14h52.55.474713 +0530
-150,z,76,76,21,z,1,0.5971303,None,,,,,21,76,76,3,470.5746872,,470.5586094,470.5746872,471.5579047,471.5579047,471.5579047,471.5579047,471.5747746,472.5579212,472.5579212,473.1584218,,,,,z,1,0.5971303,None,662741,1,2025-10-02_14h52.53.010,untitled,,2025.1.1,59.85919919,2025-10-02 14h52.55.474713 +0530
-50,x,77,77,15,x,1,0.7259213,None,,,,,15,77,77,0,473.1748772,,473.1587549,473.1748772,474.1579886,474.1579886,474.1579886,474.1579886,474.1748301,475.158704,475.158704,475.8931899,,,,,x,1,0.7259213,None,662741,1,2025-10-02_14h52.53.010,untitled,,2025.1.1,59.85919919,2025-10-02 14h52.55.474713 +0530
-150,z,78,78,22,z,1,1.8094279,None,,,,,22,78,78,3,475.9087463,,475.8938774,475.9087463,476.9087108,476.9087108,476.9087108,476.9087108,476.9087108,477.9084745,477.9084745,479.7262966,,,,,z,1,1.8094279,None,662741,1,2025-10-02_14h52.53.010,untitled,,2025.1.1,59.85919919,2025-10-02 14h52.55.474713 +0530
-150,z,79,79,23,z,1,0.6445041,None,,,,,23,79,79,3,479.7423397,,479.7268964,479.7423397,480.7421825,480.7421825,480.7421825,480.7421825,480.7421825,481.7417747,481.7417747,482.3926049,,,,,z,1,0.6445041,None,662741,1,2025-10-02_14h52.53.010,untitled,,2025.1.1,59.85919919,2025-10-02 14h52.55.474713 +0530
150,v,80,80,19,v,1,0.6278518,None,,,,,19,80,80,1,482.4086374,,482.3931602,482.4086374,483.3921935,483.3921935,483.3921935,483.3921935,483.4087193,484.3922879,484.3922879,485.0260281,,,,,v,1,0.6278518,None,662741,1,2025-10-02_14h52.53.010,untitled,,2025.1.1,59.85919919,2025-10-02 14h52.55.474713 +0530
150,v,81,81,20,v,1,0.6174702,None,,,,,20,81,81,1,485.0421855,,485.0265562,485.0421855,486.0253054,486.0253054,486.0253054,486.0253054,486.0419479,487.0254087,487.0254087,487.6596435,,,,,v,1,0.6174702,None,662741,1,2025-10-02_14h52.53.010,untitled,,2025.1.1,59.85919919,2025-10-02 14h52.55.474713 +0530
-50,x,82,82,16,x,1,1.115382,None,,,,,16,82,82,0,487.675601,,487.6602512,487.675601,488.6587775,488.6587775,488.6587775,488.6587775,488.6754041,489.6587225,489.6587225,490.7761681,,,,,x,1,1.115382,None,662741,1,2025-10-02_14h52.53.010,untitled,,2025.1.1,59.85919919,2025-10-02 14h52.55.474713 +0530
-50,x,83,83,17,x,1,0.8468794,None,,,,,17,83,83,0,490.7923192,,490.7767516,490.7923192,491.7919005,491.7919005,491.7919005,491.7919005,491.7919005,492.7920604,492.7920604,493.6430095,,,,,x,1,0.8468794,None,662741,1,2025-10-02_14h52.53.010,untitled,,2025.1.1,59.85919919,2025-10-02 14h52.55.474713 +0530
-50,x,84,84,18,x,1,0.5086037,None,,,,,18,84,84,0,493.658564,,493.6438744,493.658564,494.6587197,494.6587197,494.6587197,494.6587197,494.6587197,495.6420532,495.6420532,496.1595651,,,,,x,1,0.5086037,None,662741,1,2025-10-02_14h52.53.010,untitled,,2025.1.1,59.85919919,2025-10-02 14h52.55.474713 +0530
150,v,85,85,21,v,1,0.6889395,None,,,,,21,85,85,1,496.1753249,,496.1603219,496.1753249,497.1586557,497.1586557,497.1586557,497.1586557,497.1754876,498.1591414,498.1591414,498.8595426,,,,,v,1,0.6889395,None,662741,1,2025-10-02_14h52.53.010,untitled,,2025.1.1,59.85919919,2025-10-02 14h52.55.474713 +0530
50,c,86,86,21,c,1,1.0132035,None,,,,,21,86,86,2,498.8753964,,498.8603535,498.8753964,499.8588382,499.8588382,499.8588382,499.8588382,499.8752005,500.8587542,500.8587542,501.8763572,,,,,c,1,1.0132035,None,662741,1,2025-10-02_14h52.53.010,untitled,,2025.1.1,59.85919919,2025-10-02 14h52.55.474713 +0530
150,v,87,87,22,v,1,1.0949163,None,,,,,22,87,87,1,501.8922942,,501.8770647,501.8922942,502.8921995,502.8921995,502.8921995,502.8921995,502.8921995,503.8920059,503.8920059,504.9929247,,,,,v,1,1.0949163,None,662741,1,2025-10-02_14h52.53.010,untitled,,2025.1.1,59.85919919,2025-10-02 14h52.55.474713 +0530
-150,z,88,88,24,z,1,0.4877544,None,,,,,24,88,88,3,505.0086618,,504.9934806,505.0086618,506.0086401,506.0086401,506.0086401,506.0086401,506.0086401,507.0088938,507.0088938,507.5097345,,,,,z,1,0.4877544,None,662741,1,2025-10-02_14h52.53.010,untitled,,2025.1.1,59.85919919,2025-10-02 14h52.55.474713 +0530
-50,x,89,89,19,x,1,0.9015276,None,,,,,19,89,89,0,507.5256217,,507.5103873,507.5256217,508.5252531,508.5252531,508.5252531,508.5252531,508.5252531,509.5085943,509.5085943,510.4262357,,,,,x,1,0.9015276,None,662741,1,2025-10-02_14h52.53.010,untitled,,2025.1.1,59.85919919,2025-10-02 14h52.55.474713 +0530
50,c,90,90,22,c,1,1.590108,None,,,,,22,90,90,2,510.4421956,,510.4269797,510.4421956,511.4251605,511.4251605,511.4251605,511.4251605,511.4420096,512.4419832,512.4419832,514.0429732,,,,,c,1,1.590108,None,662741,1,2025-10-02_14h52.53.010,untitled,,2025.1.1,59.85919919,2025-10-02 14h52.55.474713 +0530
150,v,91,91,23,v,1,0.5576002,None,,,,,23,91,91,1,514.0585393,,514.0437499,514.0585393,515.0584977,515.0584977,515.0584977,515.0584977,515.0584977,516.0584459,516.0584459,516.6262692,,,,,v,1,0.5576002,None,662741,1,2025-10-02_14h52.53.010,untitled,,2025.1.1,59.85919919,2025-10-02 14h52.55.474713 +0530
-50,x,92,92,20,x,1,0.6577262,None,,,,,20,92,92,0,516.6420318,,516.6269345,516.6420318,517.6422583,517.6422583,517.6422583,517.6422583,517.6422583,518.6422503,518.6422503,519.3097674,,,,,x,1,0.6577262,None,662741,1,2025-10-02_14h52.53.010,untitled,,2025.1.1,59.85919919,2025-10-02 14h52.55.474713 +0530
150,v,93,93,24,v,1,0.6989497,None,,,,,24,93,93,1,519.3255865,,519.3104683,519.3255865,520.3253146,520.3253146,520.3253146,520.3253146,520.3253146,521.325362,521.325362,522.0262737,,,,,v,1,0.6989497,None,662741,1,2025-10-02_14h52.53.010,untitled,,2025.1.1,59.85919919,2025-10-02 14h52.55.474713 +0530
50,c,94,94,23,c,1,0.8815784,None,,,,,23,94,94,2,522.0418115,,522.0271316,522.0418115,523.0421751,523.0421751,523.0421751,523.0421751,523.0421751,524.0421085,524.0421085,524.9260992,,,,,c,1,0.8815784,None,662741,1,2025-10-02_14h52.53.010,untitled,,2025.1.1,59.85919919,2025-10-02 14h52.55.474713 +0530
-50,x,95,95,21,x,1,1.0396144,None,,,,,21,95,95,0,524.9418775,,524.9266225,524.9418775,525.9253699,525.9253699,525.9253699,525.9253699,525.9417912,526.9253893,526.9253893,527.9766124,,,,,x,1,1.0396144,None,662741,1,2025-10-02_14h52.53.010,untitled,,2025.1.1,59.85919919,2025-10-02 14h52.55.474713 +0530
-50,x,96,96,22,x,1,0.4884741,None,,,,,22,96,96,0,527.9920269,,527.9774351,527.9920269,528.9920516,528.9920516,528.9920516,528.9920516,528.9920516,529.992031,529.992031,530.4928969,,,,,x,1,0.4884741,None,662741,1,2025-10-02_14h52.53.010,untitled,,2025.1.1,59.85919919,2025-10-02 14h52.55.474713 +0530
-50,x,97,97,23,x,1,0.6467986,None,,,,,23,97,97,0,530.5085519,,530.4935185,530.5085519,531.5085759,531.5085759,531.5085759,531.5085759,531.5085759,532.4917926,532.4917926,533.1426968,,,,,x,1,0.6467986,None,662741,1,2025-10-02_14h52.53.010,untitled,,2025.1.1,59.85919919,2025-10-02 14h52.55.474713 +0530
50,c,98,98,24,c,1,1.2821713,None,,,,,24,98,98,2,533.1586729,,533.1432536,533.1586729,534.1589833,534.1589833,534.1589833,534.1589833,534.1589833,535.142502,535.142502,536.4261541,,,,,c,1,1.2821713,None,662741,1,2025-10-02_14h52.53.010,untitled,,2025.1.1,59.85919919,2025-10-02 14h52.55.474713 +0530
-50,x,99,99,24,x,1,1.6987647,None,,,,,24,99,99,0,536.4420202,,536.4269174,536.4420202,537.4252804,537.4252804,537.4252804,537.4252804,537.4420284,538.4252929,538.4252929,540.125922,,,,,x,1,1.6987647,None,662741,1,2025-10-02_14h52.53.010,untitled,,2025.1.1,59.85919919,2025-10-02 14h52.55.474713 +0530
